query_token_length,dense_cosine_similarity,bm25_lexical_score,document_chunk_tokens,cross_encoder_rerank_score,reciprocal_rank_fusion_score,is_relevant_passage
41,0.631,24.441,204,0.807,0.025,1
54,0.783,16.968,259,0.99,0.031,1
31,0.698,14.983,106,0.679,0.047,0
17,0.639,7.337,120,0.549,0.058,0
45,0.596,10.474,483,0.913,0.048,0
10,0.637,14.21,205,0.872,0.023,1
63,0.787,11.745,273,0.669,0.024,0
23,0.587,19.837,135,0.591,0.03,0
41,0.714,17.275,287,0.99,0.053,1
60,0.878,28.5,90,0.99,0.03,1
21,0.834,9.4,191,0.447,0.016,0
25,0.716,14.672,169,0.751,0.026,1
13,0.983,7.306,228,0.99,0.041,0
13,0.99,2.943,278,0.749,0.04,0
26,0.783,18.258,134,0.746,0.03,1
55,0.484,17.082,267,0.778,0.04,1
38,0.886,10.056,216,0.652,0.005,1
42,0.505,14.984,130,0.564,0.033,0
26,0.957,11.228,153,0.978,0.042,1
5,0.91,11.93,323,0.544,0.022,0
24,0.99,12.835,425,0.857,0.022,0
55,0.811,9.838,291,0.953,0.01,1
4,0.737,10.773,142,0.602,0.051,0
26,0.726,10.92,159,0.681,0.023,1
46,0.714,16.699,412,0.99,0.035,1
32,0.898,1.0,393,0.9,0.039,0
40,0.865,13.316,445,0.727,0.05,0
4,0.794,8.844,309,0.99,0.03,1
62,0.693,9.032,335,0.99,0.026,1
23,0.99,11.767,466,0.86,0.034,0
35,0.889,14.425,220,0.685,0.047,0
14,0.588,13.385,179,0.758,0.03,0
60,0.718,8.967,498,0.863,0.021,0
24,0.892,18.253,81,0.792,0.014,1
63,0.684,9.806,505,0.961,0.017,1
46,0.822,10.68,235,0.591,0.042,0
27,0.894,15.979,79,0.596,0.028,0
51,0.373,16.166,512,0.847,0.025,1
29,0.767,11.319,303,0.746,0.023,0
61,0.772,1.0,449,0.726,0.033,0
44,0.731,9.895,119,0.555,0.029,0
30,0.816,15.342,142,0.823,0.029,1
62,0.859,18.081,166,0.812,0.048,0
18,0.797,14.088,347,0.918,0.05,1
17,0.735,12.009,256,0.83,0.013,1
64,0.856,26.425,68,0.8,0.036,1
64,0.786,12.563,169,0.99,0.023,1
49,0.752,17.684,341,0.623,0.029,0
64,0.623,7.558,436,0.9,0.036,0
53,0.592,8.831,163,0.569,0.029,0
46,0.62,17.866,301,0.694,0.035,0
57,0.813,19.932,332,0.638,0.04,0
54,0.771,12.473,384,0.937,0.036,0
59,0.602,4.887,463,0.81,0.024,0
5,0.858,13.629,149,0.818,0.024,1
39,0.945,15.485,383,0.654,0.015,0
53,0.708,15.014,95,0.775,0.022,1
9,0.571,11.57,399,0.705,0.056,0
23,0.695,13.705,114,0.878,0.022,1
11,0.883,10.601,142,0.671,0.018,0
41,0.846,8.718,249,0.99,0.036,1
20,0.669,18.429,237,0.569,0.031,0
6,0.963,15.009,499,0.699,0.03,0
27,0.942,13.716,169,0.99,0.049,1
62,0.692,11.863,126,0.755,0.039,0
16,0.691,13.563,139,0.623,0.026,0
52,0.709,15.334,379,0.853,0.027,1
60,0.719,23.489,384,0.749,0.026,1
11,0.894,17.904,436,0.695,0.042,0
28,0.831,11.035,144,0.656,0.028,0
55,0.885,11.09,424,0.99,0.01,1
4,0.861,10.279,191,0.782,0.031,1
22,0.986,13.457,246,0.531,0.014,0
30,0.653,10.275,306,0.99,0.058,0
49,0.826,16.969,248,0.912,0.02,1
62,0.519,1.0,283,0.705,0.03,0
9,0.622,17.283,134,0.68,0.035,0
46,0.771,15.932,405,0.921,0.029,1
63,0.83,21.066,217,0.783,0.029,1
10,0.768,19.059,308,0.531,0.037,0
49,0.712,10.945,203,0.99,0.05,0
37,0.733,18.474,134,0.755,0.041,1
16,0.944,13.626,109,0.99,0.05,1
19,0.734,4.442,110,0.99,0.019,1
38,0.99,15.326,142,0.67,0.036,1
52,0.875,11.254,485,0.975,0.034,1
42,0.835,14.501,212,0.722,0.036,0
6,0.637,23.088,461,0.54,0.049,0
4,0.892,15.669,193,0.756,0.029,1
64,0.721,9.21,190,0.88,0.027,1
8,0.637,19.515,428,0.751,0.038,0
56,0.842,16.385,182,0.774,0.011,1
44,0.613,8.597,420,0.99,0.029,1
6,0.689,6.148,480,0.836,0.03,0
56,0.779,9.418,325,0.694,0.021,0
31,0.99,18.849,307,0.925,0.045,0
20,0.698,12.932,445,0.85,0.019,1
28,0.725,14.922,166,0.442,0.03,0
46,0.868,7.54,100,0.884,0.036,1
36,0.631,18.989,205,0.879,0.048,0
12,0.833,4.021,100,0.823,0.032,0
64,0.925,11.092,71,0.954,0.043,1
38,0.743,16.676,294,0.719,0.04,0
16,0.903,8.662,396,0.87,0.033,0
33,0.815,17.693,460,0.585,0.019,0
50,0.692,9.98,359,0.881,0.015,1
17,0.756,8.124,170,0.99,0.033,1
10,0.734,21.19,411,0.671,0.025,1
16,0.769,15.3,505,0.706,0.043,0
25,0.798,17.199,81,0.713,0.041,0
62,0.851,19.795,376,0.839,0.03,1
59,0.841,1.0,146,0.661,0.018,0
64,0.488,17.801,485,0.883,0.038,1
42,0.768,10.543,351,0.947,0.02,1
23,0.599,11.228,257,0.9,0.023,1
18,0.747,16.775,278,0.555,0.02,1
47,0.765,12.612,344,0.969,0.03,0
20,0.897,17.592,283,0.961,0.046,0
49,0.776,14.288,505,0.945,0.032,0
55,0.811,15.375,352,0.876,0.027,1
26,0.875,11.951,407,0.853,0.014,1
28,0.927,8.962,257,0.975,0.039,0
27,0.765,10.65,221,0.99,0.023,1
62,0.791,13.965,167,0.677,0.033,0
62,0.781,24.054,97,0.982,0.028,1
62,0.715,22.154,165,0.807,0.042,1
47,0.688,11.103,190,0.801,0.03,1
43,0.507,14.813,277,0.59,0.031,1
31,0.651,13.004,388,0.777,0.038,0
17,0.567,15.177,495,0.67,0.057,0
47,0.931,15.846,359,0.75,0.043,0
3,0.803,17.243,242,0.655,0.031,0
27,0.765,1.0,143,0.753,0.032,0
9,0.694,16.406,204,0.759,0.026,1
11,0.784,12.426,94,0.835,0.021,1
26,0.678,10.834,435,0.578,0.025,0
3,0.801,18.63,486,0.603,0.023,0
46,0.809,22.127,126,0.874,0.04,1
10,0.677,18.083,111,0.7,0.019,1
26,0.674,11.804,150,0.981,0.048,1
13,0.895,8.905,367,0.854,0.041,0
53,0.774,1.0,124,0.911,0.032,1
19,0.686,15.449,459,0.99,0.032,1
10,0.736,17.511,397,0.774,0.025,0
37,0.659,13.97,503,0.734,0.035,0
37,0.772,19.355,337,0.951,0.045,0
35,0.88,7.635,474,0.896,0.024,0
61,0.777,13.61,347,0.792,0.014,1
7,0.99,13.198,143,0.99,0.04,1
44,0.831,13.927,243,0.788,0.036,0
41,0.808,20.573,335,0.825,0.019,1
60,0.671,13.955,140,0.823,0.023,1
43,0.751,12.967,505,0.68,0.022,0
30,0.687,9.629,284,0.832,0.023,1
9,0.52,21.409,456,0.99,0.028,1
11,0.897,7.058,345,0.887,0.029,0
10,0.719,11.624,91,0.825,0.024,1
14,0.689,23.308,424,0.796,0.023,1
36,0.805,16.935,140,0.87,0.029,1
35,0.841,14.395,227,0.932,0.034,1
50,0.742,14.613,72,0.911,0.028,1
57,0.78,9.579,238,0.77,0.046,0
25,0.87,14.144,370,0.869,0.038,0
64,0.737,12.681,139,0.892,0.013,1
26,0.816,15.434,308,0.669,0.038,0
39,0.581,6.668,185,0.845,0.039,0
37,0.631,16.569,248,0.496,0.027,0
46,0.853,19.786,95,0.892,0.014,1
42,0.625,13.44,313,0.919,0.032,1
24,0.808,17.865,120,0.932,0.032,1
29,0.762,16.114,373,0.761,0.019,0
37,0.736,11.34,435,0.866,0.015,1
3,0.681,8.996,207,0.99,0.031,1
37,0.889,9.724,381,0.99,0.029,0
39,0.988,16.023,147,0.816,0.027,1
49,0.816,14.208,119,0.841,0.031,1
16,0.819,21.13,342,0.987,0.019,1
5,0.698,18.613,336,0.595,0.027,0
3,0.636,18.602,229,0.772,0.038,0
7,0.775,15.868,221,0.99,0.028,1
28,0.663,9.497,312,0.966,0.012,1
57,0.567,16.192,249,0.875,0.026,1
16,0.876,14.832,141,0.594,0.019,1
41,0.882,8.58,85,0.813,0.035,1
29,0.677,20.792,171,0.732,0.036,1
11,0.809,20.232,336,0.87,0.012,1
17,0.9,8.55,315,0.699,0.041,0
17,0.805,11.183,78,0.666,0.019,0
28,0.637,11.64,433,0.51,0.051,0
44,0.752,17.671,367,0.99,0.031,1
62,0.939,17.073,223,0.76,0.017,1
15,0.81,14.731,268,0.844,0.018,0
53,0.845,15.924,176,0.82,0.036,0
34,0.821,7.804,231,0.66,0.027,0
41,0.677,16.483,416,0.631,0.031,0
51,0.705,13.975,316,0.669,0.051,0
54,0.821,10.969,504,0.712,0.024,0
63,0.878,6.531,249,0.875,0.033,1
34,0.912,14.64,410,0.701,0.049,0
6,0.677,16.356,290,0.99,0.035,1
32,0.832,5.647,79,0.974,0.013,1
39,0.922,14.596,219,0.941,0.038,1
25,0.662,15.136,417,0.802,0.018,1
41,0.958,11.618,174,0.99,0.049,1
47,0.977,16.475,64,0.787,0.022,1
17,0.99,13.81,104,0.815,0.068,0
45,0.808,15.972,111,0.845,0.05,1
31,0.808,17.278,478,0.925,0.022,1
38,0.879,17.281,483,0.916,0.032,0
15,0.876,19.787,171,0.749,0.041,0
34,0.915,16.259,224,0.74,0.041,0
9,0.874,12.019,224,0.916,0.037,0
61,0.767,11.131,422,0.927,0.047,1
53,0.927,8.971,191,0.761,0.031,0
24,0.651,15.286,273,0.582,0.028,1
30,0.781,21.371,214,0.789,0.028,1
4,0.968,12.636,507,0.914,0.042,0
44,0.63,16.838,318,0.99,0.036,1
47,0.699,10.588,281,0.64,0.035,0
64,0.861,15.513,93,0.756,0.042,1
59,0.827,21.049,108,0.762,0.007,1
55,0.675,18.068,143,0.99,0.036,1
8,0.73,6.332,102,0.815,0.035,0
30,0.638,17.468,303,0.684,0.052,0
30,0.898,17.704,108,0.904,0.014,1
46,0.749,15.402,141,0.759,0.051,0
46,0.99,17.971,400,0.636,0.033,0
22,0.79,10.166,459,0.686,0.038,0
32,0.754,14.829,412,0.99,0.052,1
64,0.742,20.273,351,0.878,0.039,1
13,0.751,19.804,503,0.836,0.037,0
60,0.793,17.35,343,0.783,0.035,0
57,0.99,9.908,179,0.864,0.026,1
30,0.739,9.09,332,0.862,0.032,1
27,0.743,15.096,467,0.864,0.023,1
41,0.788,15.44,398,0.837,0.031,1
64,0.911,13.978,375,0.95,0.005,1
35,0.609,10.315,116,0.823,0.037,1
3,0.835,16.772,131,0.673,0.031,0
59,0.682,15.073,245,0.728,0.028,1
29,0.846,16.007,97,0.523,0.035,0
64,0.721,17.586,347,0.99,0.015,1
59,0.504,13.077,369,0.949,0.055,0
54,0.824,11.958,449,0.695,0.031,0
15,0.823,20.259,312,0.778,0.03,0
43,0.711,10.562,174,0.724,0.02,1
5,0.703,12.06,157,0.99,0.032,1
41,0.623,20.918,473,0.607,0.049,0
8,0.873,11.655,242,0.837,0.044,0
10,0.886,13.987,110,0.804,0.042,0
29,0.675,12.358,345,0.944,0.039,1
11,0.715,5.227,403,0.804,0.028,0
64,0.772,13.859,425,0.556,0.015,0
39,0.99,9.245,155,0.782,0.03,0
35,0.845,15.824,439,0.674,0.029,0
53,0.667,20.249,275,0.832,0.045,1
44,0.816,2.986,138,0.99,0.036,1
46,0.615,12.384,441,0.559,0.051,0
26,0.866,16.852,265,0.7,0.046,0
17,0.981,3.147,508,0.737,0.027,0
61,0.982,21.449,470,0.763,0.01,1
56,0.868,16.475,484,0.931,0.049,0
34,0.71,20.133,360,0.794,0.048,0
34,0.624,11.567,371,0.882,0.016,1
26,0.612,12.195,274,0.726,0.05,0
43,0.443,13.663,401,0.854,0.037,1
54,0.863,25.619,496,0.937,0.034,1
51,0.768,21.354,474,0.71,0.051,0
64,0.889,15.188,197,0.937,0.048,0
51,0.951,15.823,393,0.828,0.04,0
60,0.792,17.801,129,0.977,0.038,1
54,0.798,26.936,343,0.79,0.039,1
14,0.724,16.49,485,0.877,0.027,0
64,0.738,14.739,91,0.814,0.031,1
41,0.867,12.739,475,0.806,0.021,0
4,0.759,15.722,180,0.859,0.028,1
5,0.742,11.447,433,0.901,0.028,1
51,0.778,17.08,380,0.633,0.024,0
39,0.886,7.05,493,0.99,0.034,0
51,0.697,13.145,388,0.541,0.028,0
58,0.772,18.32,177,0.717,0.038,1
19,0.809,16.419,138,0.806,0.013,1
61,0.919,12.094,265,0.882,0.031,1
51,0.751,13.293,490,0.99,0.034,1
4,0.694,19.884,122,0.541,0.028,0
4,0.722,8.206,449,0.744,0.03,0
30,0.906,8.236,78,0.501,0.013,1
56,0.99,9.666,294,0.825,0.036,0
25,0.622,14.444,168,0.861,0.04,1
39,0.649,7.445,228,0.99,0.038,1
34,0.76,19.456,262,0.838,0.044,0
35,0.793,9.694,467,0.977,0.034,0
3,0.874,15.667,417,0.908,0.038,0
21,0.673,11.489,98,0.755,0.034,1
64,0.652,14.159,225,0.609,0.04,0
4,0.797,6.163,308,0.861,0.013,1
55,0.749,19.707,350,0.596,0.021,1
46,0.891,9.5,446,0.99,0.051,0
28,0.838,8.956,82,0.796,0.005,1
34,0.847,26.871,343,0.99,0.03,1
8,0.767,17.382,403,0.748,0.046,0
34,0.99,19.505,486,0.86,0.031,0
57,0.679,16.886,411,0.851,0.027,1
6,0.853,12.147,245,0.813,0.034,0
57,0.628,7.704,486,0.755,0.028,0
13,0.651,12.946,464,0.879,0.032,0
58,0.707,9.414,210,0.681,0.024,1
61,0.976,9.726,437,0.639,0.045,0
19,0.812,6.267,239,0.99,0.049,0
40,0.709,15.095,226,0.929,0.03,1
26,0.825,22.682,479,0.83,0.015,1
7,0.784,17.402,238,0.99,0.026,1
54,0.721,13.95,110,0.78,0.03,1
36,0.612,14.289,319,0.99,0.038,1
8,0.953,1.0,511,0.846,0.02,0
24,0.805,12.296,237,0.666,0.023,0
13,0.99,7.081,166,0.99,0.038,0
50,0.893,15.199,184,0.969,0.043,1
18,0.846,13.148,482,0.802,0.025,0
35,0.728,9.98,413,0.929,0.016,1
11,0.649,15.082,208,0.759,0.071,0
62,0.754,15.037,105,0.944,0.041,1
61,0.645,22.397,430,0.461,0.029,0
8,0.858,18.069,92,0.667,0.042,1
18,0.976,15.628,443,0.967,0.031,0
31,0.749,9.573,336,0.783,0.042,0
5,0.893,8.918,77,0.851,0.034,0
22,0.697,17.614,471,0.618,0.033,0
62,0.744,13.46,504,0.99,0.031,1
61,0.682,15.797,369,0.99,0.015,1
38,0.524,19.586,376,0.79,0.055,0
21,0.776,6.632,252,0.759,0.021,0
28,0.795,21.765,423,0.974,0.016,1
5,0.908,19.541,358,0.99,0.029,1
21,0.875,3.817,246,0.963,0.02,0
22,0.877,26.736,415,0.99,0.031,1
34,0.663,16.171,99,0.682,0.04,0
9,0.835,12.012,433,0.697,0.044,0
54,0.97,17.199,100,0.642,0.042,0
43,0.826,9.417,77,0.886,0.028,1
35,0.99,17.34,474,0.846,0.033,0
42,0.99,10.374,186,0.797,0.037,0
41,0.748,25.006,146,0.941,0.011,1
20,0.696,14.813,222,0.99,0.039,1
42,0.689,17.879,392,0.591,0.015,0
3,0.598,10.412,165,0.73,0.056,0
13,0.718,18.746,400,0.943,0.027,1
30,0.925,14.435,146,0.75,0.03,0
59,0.516,7.158,107,0.7,0.023,1
27,0.656,13.258,131,0.973,0.024,1
52,0.765,24.542,111,0.627,0.059,0
25,0.675,18.967,120,0.775,0.043,1
33,0.717,12.529,138,0.869,0.013,1
32,0.719,4.78,85,0.734,0.05,0
44,0.749,10.171,195,0.937,0.046,1
37,0.692,7.186,365,0.735,0.029,0
9,0.683,4.906,506,0.99,0.036,0
62,0.892,18.585,481,0.801,0.032,0
18,0.906,14.824,330,0.921,0.056,0
28,0.614,23.835,350,0.932,0.022,1
50,0.449,9.312,458,0.726,0.034,0
59,0.908,14.488,183,0.512,0.027,0
54,0.633,7.25,309,0.874,0.015,1
62,0.806,11.407,119,0.831,0.058,0
51,0.592,13.345,101,0.903,0.018,1
4,0.936,12.552,308,0.786,0.035,0
3,0.99,14.778,84,0.755,0.011,1
50,0.802,19.552,173,0.99,0.027,1
64,0.769,19.005,157,0.599,0.037,0
14,0.741,10.499,457,0.93,0.022,1
7,0.874,14.342,473,0.734,0.039,0
39,0.848,18.629,199,0.77,0.029,1
34,0.9,19.886,294,0.772,0.046,0
61,0.705,11.062,71,0.699,0.048,0
57,0.821,18.182,507,0.906,0.025,1
11,0.715,16.222,391,0.99,0.033,1
43,0.653,8.957,438,0.891,0.034,0
37,0.775,18.661,353,0.836,0.039,1
21,0.669,15.288,314,0.672,0.032,0
50,0.921,5.445,463,0.898,0.034,0
18,0.677,12.972,424,0.99,0.029,1
5,0.824,14.707,460,0.763,0.033,0
22,0.708,11.35,150,0.764,0.048,0
26,0.813,20.887,267,0.736,0.04,1
56,0.717,21.075,282,0.747,0.04,1
58,0.629,12.511,469,0.408,0.041,0
35,0.838,11.94,304,0.881,0.03,1
26,0.752,13.818,474,0.693,0.036,0
54,0.814,13.46,383,0.578,0.019,0
13,0.729,11.419,321,0.933,0.047,0
51,0.621,1.0,172,0.658,0.005,1
10,0.91,23.625,319,0.769,0.031,1
38,0.868,14.502,345,0.99,0.046,0
40,0.712,13.573,283,0.609,0.016,0
42,0.788,16.191,146,0.59,0.037,0
22,0.905,14.084,170,0.86,0.024,1
64,0.725,12.262,132,0.99,0.028,1
37,0.744,9.271,160,0.584,0.043,0
50,0.809,4.939,275,0.881,0.034,0
64,0.725,7.457,349,0.907,0.008,1
27,0.883,8.693,300,0.511,0.02,0
37,0.76,17.885,71,0.94,0.044,1
27,0.686,18.268,357,0.951,0.037,1
31,0.853,9.915,252,0.773,0.053,0
20,0.643,1.0,144,0.99,0.052,0
48,0.99,14.547,171,0.99,0.028,1
20,0.97,12.308,384,0.835,0.062,0
4,0.842,12.179,130,0.752,0.032,1
56,0.832,19.471,237,0.674,0.02,1
37,0.826,15.221,409,0.814,0.024,1
18,0.721,9.423,414,0.905,0.005,1
63,0.816,8.227,391,0.771,0.051,0
43,0.669,13.134,106,0.49,0.051,0
38,0.84,9.787,250,0.99,0.02,1
35,0.884,14.124,365,0.849,0.029,1
6,0.735,19.836,263,0.763,0.033,1
35,0.709,7.325,444,0.949,0.02,0
16,0.635,14.956,482,0.99,0.011,1
23,0.955,19.258,102,0.4,0.029,0
50,0.718,14.052,283,0.885,0.028,0
22,0.756,18.252,370,0.606,0.027,0
58,0.816,13.006,67,0.895,0.035,1
10,0.814,15.388,184,0.839,0.049,0
9,0.87,16.792,399,0.915,0.028,1
5,0.734,11.526,140,0.745,0.034,0
19,0.643,24.852,242,0.539,0.041,1
35,0.622,17.503,196,0.752,0.039,1
50,0.71,21.276,374,0.881,0.025,1
14,0.666,20.069,292,0.972,0.033,1
61,0.744,16.202,339,0.644,0.039,0
53,0.937,21.706,215,0.974,0.018,1
24,0.735,15.477,227,0.723,0.047,0
57,0.735,10.705,353,0.874,0.049,0
24,0.778,14.577,441,0.744,0.023,1
48,0.731,9.268,172,0.847,0.034,0
32,0.772,3.571,189,0.954,0.04,0
40,0.845,10.067,303,0.636,0.025,0
40,0.886,14.879,373,0.718,0.038,0
47,0.9,20.022,481,0.848,0.034,0
53,0.99,10.051,464,0.99,0.014,1
56,0.848,19.753,452,0.691,0.038,0
10,0.99,8.204,408,0.99,0.019,1
29,0.687,9.718,209,0.99,0.043,0
29,0.99,22.036,315,0.805,0.024,1
36,0.734,14.748,246,0.775,0.03,1
23,0.746,13.597,372,0.716,0.048,0
32,0.766,15.723,369,0.81,0.038,0
35,0.754,8.227,135,0.609,0.019,1
30,0.79,12.78,282,0.809,0.02,1
49,0.71,14.514,270,0.99,0.025,1
35,0.88,20.903,236,0.728,0.037,0
7,0.714,5.814,204,0.784,0.036,0
62,0.859,23.668,335,0.565,0.022,0
63,0.963,13.852,277,0.876,0.018,1
50,0.737,8.725,332,0.86,0.035,0
21,0.875,7.783,83,0.83,0.03,0
6,0.847,15.92,129,0.787,0.058,0
37,0.99,7.495,366,0.776,0.032,0
51,0.719,11.587,210,0.895,0.054,0
19,0.875,13.201,492,0.816,0.018,0
46,0.585,20.447,228,0.867,0.013,1
30,0.72,19.796,441,0.852,0.019,1
32,0.822,11.156,373,0.989,0.046,0
31,0.947,13.394,69,0.922,0.053,1
48,0.633,6.204,77,0.849,0.023,1
55,0.874,3.897,195,0.99,0.026,0
8,0.772,8.109,405,0.883,0.018,0
37,0.597,20.34,306,0.99,0.01,1
62,0.802,18.556,502,0.911,0.041,0
43,0.985,16.494,294,0.544,0.035,0
39,0.646,6.92,291,0.99,0.032,1
26,0.767,10.799,225,0.84,0.015,1
31,0.662,10.039,346,0.812,0.052,0
51,0.724,13.637,326,0.862,0.026,1
48,0.952,13.309,194,0.768,0.038,0
55,0.747,9.29,494,0.854,0.015,1
33,0.948,16.316,288,0.731,0.03,0
37,0.913,15.691,321,0.99,0.035,1
62,0.736,10.71,297,0.803,0.036,0
35,0.72,16.082,399,0.763,0.034,0
54,0.672,20.346,472,0.681,0.038,0
63,0.668,21.926,379,0.86,0.018,1
23,0.822,17.051,87,0.848,0.034,1
34,0.778,16.899,334,0.878,0.033,1
25,0.705,13.251,158,0.666,0.035,0
35,0.594,19.855,205,0.58,0.033,0
5,0.793,8.934,245,0.914,0.017,1
20,0.724,19.252,269,0.99,0.016,1
27,0.757,13.004,453,0.666,0.005,0
44,0.817,22.253,144,0.99,0.042,1
33,0.48,17.559,337,0.863,0.042,1
56,0.596,14.147,339,0.819,0.042,0
60,0.99,13.27,434,0.76,0.036,0
5,0.719,17.233,509,0.612,0.006,0
42,0.478,16.981,271,0.968,0.02,1
48,0.606,12.429,359,0.704,0.034,0
26,0.99,14.978,102,0.703,0.034,0
52,0.696,19.161,499,0.969,0.029,1
34,0.919,7.411,351,0.538,0.036,0
49,0.795,18.275,187,0.591,0.032,0
24,0.722,17.21,427,0.817,0.033,1
25,0.873,20.671,346,0.864,0.024,1
4,0.494,10.779,429,0.893,0.044,0
29,0.607,14.53,243,0.775,0.027,1
44,0.721,15.566,160,0.99,0.016,1
4,0.619,18.342,254,0.786,0.023,1
28,0.71,16.731,137,0.785,0.028,1
19,0.882,8.054,510,0.7,0.044,0
42,0.796,16.013,336,0.839,0.031,1
35,0.94,24.922,112,0.912,0.03,0
11,0.803,17.681,400,0.99,0.017,1
45,0.899,23.018,273,0.597,0.041,0
56,0.772,19.924,179,0.783,0.024,1
50,0.709,21.584,86,0.887,0.031,1
41,0.958,16.112,161,0.908,0.05,0
31,0.695,17.214,391,0.821,0.038,1
44,0.821,15.829,460,0.901,0.012,1
57,0.872,14.523,470,0.699,0.011,0
28,0.881,18.359,376,0.99,0.031,1
37,0.64,11.791,253,0.969,0.017,1
52,0.906,24.304,245,0.618,0.04,0
27,0.663,9.674,211,0.659,0.033,0
26,0.877,18.719,405,0.663,0.034,0
15,0.844,21.669,499,0.922,0.024,1
62,0.878,13.582,86,0.627,0.053,0
60,0.635,8.713,168,0.77,0.066,0
9,0.851,20.509,226,0.888,0.029,1
59,0.91,15.558,130,0.81,0.036,0
38,0.803,18.729,353,0.859,0.033,1
47,0.682,13.931,352,0.66,0.029,0
22,0.89,23.506,109,0.909,0.022,1
3,0.794,3.492,144,0.728,0.019,1
10,0.579,16.456,492,0.771,0.018,0
48,0.672,21.477,210,0.856,0.037,1
18,0.717,15.048,285,0.835,0.026,0
16,0.961,16.072,406,0.824,0.005,1
14,0.94,12.243,78,0.707,0.037,0
53,0.939,14.608,442,0.775,0.032,0
25,0.808,5.806,184,0.82,0.048,0
17,0.89,10.764,141,0.614,0.036,0
30,0.643,10.409,385,0.751,0.014,1
36,0.781,17.979,358,0.878,0.005,1
4,0.834,11.529,304,0.628,0.023,0
34,0.651,11.679,81,0.99,0.024,1
25,0.805,12.535,319,0.99,0.043,0
24,0.982,10.607,506,0.633,0.032,0
53,0.847,15.899,479,0.99,0.046,0
27,0.89,16.464,340,0.798,0.016,1
60,0.486,18.79,487,0.883,0.044,1
64,0.967,17.894,90,0.746,0.041,0
63,0.758,17.374,65,0.958,0.008,1
24,0.688,12.789,416,0.881,0.048,1
60,0.759,12.456,358,0.698,0.033,0
60,0.602,9.97,375,0.645,0.037,0
24,0.906,9.876,426,0.601,0.022,0
51,0.74,15.51,446,0.848,0.047,0
54,0.691,10.759,302,0.906,0.018,1
44,0.76,22.135,76,0.918,0.042,1
8,0.914,14.305,445,0.802,0.042,0
17,0.796,22.307,247,0.646,0.02,0
56,0.611,17.473,257,0.718,0.056,0
45,0.836,10.458,119,0.99,0.035,1
62,0.669,14.177,293,0.747,0.04,1
39,0.521,5.798,91,0.842,0.014,1
35,0.96,15.49,383,0.659,0.057,0
10,0.835,10.934,134,0.87,0.017,1
55,0.771,8.71,273,0.751,0.044,0
62,0.739,22.415,511,0.977,0.02,1
46,0.948,19.859,247,0.936,0.025,1
46,0.99,19.716,488,0.746,0.041,0
7,0.834,18.567,438,0.801,0.044,0
41,0.656,8.079,419,0.737,0.017,0
6,0.761,12.418,104,0.607,0.045,0
8,0.832,12.735,323,0.691,0.045,0
47,0.498,5.609,504,0.85,0.021,0
34,0.82,11.604,477,0.869,0.051,0
54,0.832,11.66,407,0.842,0.015,0
32,0.939,15.155,147,0.775,0.025,1
49,0.927,27.668,109,0.96,0.038,1
37,0.793,14.391,503,0.83,0.022,1
57,0.962,15.158,222,0.925,0.035,0
42,0.99,13.199,407,0.554,0.035,0
54,0.783,18.336,70,0.232,0.03,0
18,0.83,8.916,396,0.863,0.042,0
15,0.568,24.359,501,0.606,0.029,0
52,0.606,13.854,199,0.788,0.035,1
62,0.679,12.445,246,0.775,0.046,0
44,0.727,19.544,260,0.99,0.041,1
32,0.648,9.867,235,0.88,0.041,1
21,0.776,18.24,460,0.845,0.018,1
19,0.73,21.807,412,0.946,0.038,0
58,0.909,13.245,339,0.875,0.021,1
21,0.723,25.175,141,0.751,0.017,1
30,0.506,17.85,479,0.981,0.031,1
60,0.795,17.915,507,0.654,0.021,0
57,0.778,21.602,241,0.868,0.041,1
28,0.677,22.98,90,0.588,0.042,0
39,0.791,15.862,183,0.851,0.009,1
28,0.651,18.644,344,0.849,0.022,1
55,0.82,21.761,371,0.99,0.014,1
64,0.99,8.459,259,0.585,0.026,0
25,0.563,5.507,340,0.73,0.037,0
11,0.718,14.201,81,0.943,0.029,1
14,0.699,5.382,358,0.87,0.025,0
55,0.728,12.867,334,0.847,0.048,1
3,0.902,16.135,116,0.677,0.005,1
60,0.845,13.067,357,0.731,0.047,0
60,0.882,13.764,495,0.99,0.025,1
3,0.784,9.291,115,0.812,0.031,0
49,0.621,18.598,279,0.876,0.026,1
36,0.646,8.97,135,0.803,0.051,0
34,0.87,3.565,91,0.643,0.017,0
64,0.8,13.422,463,0.96,0.032,1
56,0.931,19.258,315,0.895,0.038,0
50,0.815,14.915,437,0.99,0.013,1
27,0.638,8.443,463,0.668,0.021,0
42,0.717,15.03,98,0.943,0.03,1
47,0.848,16.779,464,0.623,0.021,0
55,0.865,14.97,264,0.844,0.022,1
3,0.883,13.124,312,0.966,0.028,1
18,0.654,17.027,162,0.509,0.04,0
63,0.636,5.46,371,0.789,0.028,0
41,0.757,9.851,203,0.736,0.045,0
7,0.953,7.713,146,0.715,0.02,0
24,0.697,21.512,111,0.878,0.017,1
31,0.835,18.203,341,0.988,0.055,1
57,0.835,15.463,442,0.8,0.024,1
5,0.871,6.957,311,0.851,0.016,1
14,0.98,18.37,446,0.837,0.011,1
28,0.967,21.71,240,0.82,0.045,0
18,0.709,17.472,115,0.657,0.028,1
53,0.528,14.317,142,0.986,0.029,1
39,0.699,17.785,448,0.864,0.03,1
24,0.789,15.919,385,0.879,0.044,0
59,0.737,19.316,127,0.699,0.03,1
31,0.99,19.199,71,0.751,0.06,0
16,0.782,13.35,277,0.794,0.034,0
30,0.858,11.065,88,0.59,0.045,0
7,0.806,12.421,319,0.567,0.042,0
49,0.738,17.286,306,0.73,0.032,0
51,0.549,12.735,261,0.898,0.025,1
32,0.771,10.597,157,0.722,0.036,0
48,0.99,14.495,270,0.667,0.038,0
64,0.631,20.259,498,0.698,0.025,0
54,0.562,15.203,500,0.752,0.034,0
7,0.99,13.064,78,0.767,0.047,0
14,0.869,16.166,241,0.99,0.057,0
18,0.802,14.937,441,0.978,0.042,0
28,0.944,4.445,138,0.974,0.054,0
28,0.68,18.123,167,0.99,0.024,1
50,0.767,16.619,357,0.67,0.04,0
23,0.895,14.584,231,0.637,0.048,0
41,0.99,20.024,178,0.654,0.021,0
38,0.64,20.808,102,0.99,0.026,1
35,0.934,18.654,427,0.738,0.053,0
64,0.826,10.078,336,0.632,0.02,0
32,0.8,10.258,198,0.755,0.016,1
39,0.779,20.31,437,0.784,0.05,0
25,0.614,4.738,295,0.86,0.046,0
60,0.896,13.726,102,0.858,0.037,1
12,0.686,16.787,354,0.696,0.031,0
56,0.65,5.398,370,0.923,0.027,1
7,0.886,15.719,110,0.724,0.035,0
38,0.875,19.463,99,0.797,0.051,1
36,0.789,6.775,383,0.923,0.035,1
54,0.91,23.122,158,0.724,0.058,1
33,0.951,9.249,424,0.735,0.021,0
12,0.937,17.489,76,0.909,0.032,1
60,0.717,14.065,209,0.691,0.028,1
21,0.902,14.861,468,0.762,0.019,0
60,0.805,7.826,431,0.903,0.03,0
34,0.987,21.054,128,0.99,0.037,1
3,0.765,16.195,291,0.911,0.038,1
58,0.737,22.928,305,0.891,0.058,0
7,0.706,7.961,71,0.9,0.038,1
47,0.803,13.558,367,0.659,0.046,0
6,0.836,15.59,404,0.837,0.033,0
18,0.838,14.814,106,0.816,0.052,0
26,0.822,17.967,307,0.868,0.061,0
18,0.861,13.492,244,0.837,0.038,0
57,0.753,25.535,148,0.877,0.02,1
4,0.675,14.707,218,0.773,0.025,1
51,0.665,1.0,338,0.829,0.035,0
30,0.897,14.938,86,0.636,0.037,0
34,0.836,21.06,178,0.772,0.04,1
29,0.557,9.699,369,0.99,0.038,0
22,0.912,9.369,498,0.868,0.032,0
26,0.99,10.13,362,0.817,0.024,0
14,0.694,8.902,162,0.99,0.037,1
52,0.82,12.007,167,0.616,0.054,0
37,0.723,19.228,435,0.654,0.044,0
62,0.855,22.437,114,0.99,0.038,1
35,0.64,1.894,425,0.827,0.044,0
35,0.771,12.532,175,0.784,0.028,1
63,0.898,16.074,307,0.64,0.026,0
53,0.928,15.554,232,0.887,0.023,1
45,0.831,24.38,135,0.902,0.03,1
39,0.739,4.044,202,0.656,0.027,0
14,0.589,1.037,399,0.799,0.046,0
5,0.689,25.224,294,0.77,0.026,1
3,0.724,18.418,302,0.858,0.022,0
35,0.696,11.529,316,0.652,0.055,0
42,0.787,15.392,499,0.99,0.027,1
12,0.739,15.765,470,0.957,0.034,0
45,0.801,11.403,112,0.766,0.037,0
46,0.924,15.237,485,0.788,0.018,1
31,0.731,16.345,366,0.8,0.047,0
15,0.614,24.981,135,0.703,0.04,1
14,0.696,19.51,326,0.753,0.051,0
33,0.85,23.544,385,0.779,0.024,1
48,0.861,7.513,285,0.99,0.033,1
4,0.829,12.695,140,0.962,0.032,1
63,0.936,15.76,125,0.96,0.035,1
53,0.758,4.51,220,0.875,0.015,1
52,0.99,20.646,357,0.652,0.033,0
37,0.878,17.839,188,0.814,0.015,1
25,0.477,12.591,292,0.966,0.036,1
19,0.99,13.547,403,0.631,0.006,1
28,0.688,21.02,224,0.915,0.01,1
10,0.656,10.364,92,0.99,0.042,1
31,0.843,21.23,177,0.979,0.025,1
28,0.571,13.189,142,0.99,0.02,1
12,0.697,18.431,86,0.853,0.047,1
28,0.967,14.951,169,0.965,0.036,1
64,0.847,26.113,194,0.712,0.042,0
36,0.877,9.886,420,0.939,0.03,1
53,0.701,11.519,236,0.918,0.064,0
43,0.595,6.668,327,0.863,0.025,1
9,0.865,8.797,405,0.99,0.053,0
6,0.892,18.208,436,0.739,0.031,0
60,0.886,22.821,348,0.792,0.012,1
55,0.805,18.798,65,0.834,0.038,1
52,0.664,14.472,296,0.666,0.036,0
47,0.99,9.853,432,0.854,0.019,1
13,0.838,19.172,314,0.562,0.021,0
31,0.759,9.567,497,0.977,0.032,1
58,0.76,7.485,384,0.827,0.036,0
38,0.798,12.896,171,0.742,0.005,1
27,0.908,3.924,339,0.695,0.045,0
23,0.803,7.317,243,0.785,0.026,0
63,0.883,24.307,276,0.923,0.016,1
59,0.798,6.353,356,0.902,0.043,0
38,0.767,8.322,135,0.714,0.032,0
12,0.857,14.874,346,0.693,0.047,0
39,0.852,15.144,238,0.919,0.037,1
11,0.76,13.28,186,0.712,0.032,0
26,0.69,4.082,290,0.829,0.03,0
37,0.821,18.912,453,0.839,0.038,0
51,0.789,12.196,507,0.867,0.027,0
37,0.713,20.846,364,0.949,0.022,1
50,0.679,11.147,491,0.631,0.039,0
38,0.829,19.609,146,0.533,0.03,0
20,0.846,21.24,316,0.735,0.032,1
51,0.737,12.072,209,0.99,0.045,0
41,0.71,19.078,183,0.99,0.031,1
34,0.68,7.592,128,0.99,0.032,1
26,0.826,15.871,344,0.791,0.025,1
25,0.684,20.856,346,0.553,0.037,0
64,0.99,17.196,454,0.469,0.036,0
34,0.731,27.012,491,0.728,0.043,0
39,0.489,17.487,169,0.79,0.025,1
14,0.776,12.601,476,0.99,0.027,1
51,0.771,29.273,363,0.95,0.042,1
57,0.913,22.995,170,0.854,0.035,0
15,0.815,6.165,99,0.687,0.021,0
25,0.68,10.422,210,0.676,0.048,0
27,0.746,9.102,325,0.858,0.012,1
37,0.819,17.857,472,0.925,0.041,0
43,0.52,17.47,222,0.879,0.017,1
32,0.941,17.43,328,0.665,0.055,0
19,0.68,6.024,265,0.918,0.013,1
51,0.95,11.182,484,0.884,0.046,0
64,0.827,13.724,218,0.659,0.031,1
22,0.856,5.026,76,0.702,0.028,0
50,0.918,9.966,360,0.923,0.034,1
27,0.849,21.553,447,0.785,0.04,0
24,0.861,6.419,385,0.99,0.021,1
15,0.76,22.067,148,0.895,0.022,1
61,0.825,20.174,343,0.747,0.04,0
21,0.71,12.988,308,0.818,0.012,1
51,0.739,11.126,363,0.83,0.025,1
38,0.99,18.826,425,0.711,0.068,0
14,0.683,10.404,417,0.683,0.02,0
63,0.799,10.662,379,0.925,0.046,1
43,0.794,14.376,72,0.947,0.025,1
21,0.743,3.423,449,0.911,0.038,0
14,0.842,6.96,310,0.99,0.04,0
11,0.851,12.859,375,0.739,0.046,0
9,0.669,16.974,477,0.99,0.03,1
30,0.792,10.332,341,0.685,0.056,0
16,0.65,13.472,301,0.668,0.025,0
33,0.875,6.11,266,0.556,0.035,0
54,0.801,19.349,310,0.753,0.035,1
21,0.79,15.644,298,0.744,0.019,1
60,0.859,16.104,144,0.899,0.029,1
49,0.747,17.039,419,0.857,0.034,1
18,0.89,14.906,76,0.641,0.027,1
55,0.666,11.984,390,0.761,0.061,0
7,0.949,20.374,79,0.764,0.022,1
37,0.714,15.316,108,0.554,0.046,0
14,0.576,13.638,384,0.673,0.042,0
27,0.741,14.455,202,0.704,0.032,0
54,0.727,14.344,389,0.99,0.022,1
61,0.74,13.586,211,0.849,0.023,1
23,0.808,16.82,418,0.919,0.026,1
38,0.912,9.634,299,0.595,0.011,0
55,0.757,10.013,254,0.99,0.02,1
25,0.697,17.408,164,0.99,0.014,1
18,0.645,13.745,168,0.52,0.048,0
59,0.724,19.551,313,0.714,0.039,0
41,0.553,16.626,459,0.894,0.041,0
47,0.693,11.626,509,0.917,0.039,0
55,0.929,17.491,157,0.718,0.034,0
44,0.681,20.725,283,0.774,0.05,0
60,0.855,16.824,361,0.73,0.025,0
41,0.633,17.961,402,0.837,0.033,1
16,0.99,13.607,505,0.99,0.041,0
33,0.99,19.664,196,0.704,0.016,1
60,0.851,11.48,424,0.97,0.069,0
7,0.99,16.26,218,0.703,0.032,0
37,0.823,27.861,91,0.693,0.034,1
25,0.872,17.302,345,0.943,0.047,0
31,0.931,12.312,179,0.958,0.043,1
45,0.802,12.299,368,0.948,0.032,1
13,0.594,14.129,297,0.623,0.034,0
20,0.875,18.926,468,0.75,0.014,1
49,0.723,15.258,64,0.943,0.025,1
14,0.732,11.128,411,0.826,0.038,0
11,0.816,11.118,303,0.659,0.037,0
12,0.848,15.291,121,0.889,0.047,0
60,0.798,14.72,398,0.713,0.031,1
46,0.856,16.866,246,0.99,0.015,1
19,0.695,19.271,400,0.99,0.045,1
63,0.775,28.682,89,0.911,0.049,1
40,0.882,6.897,472,0.99,0.043,0
9,0.99,18.072,140,0.83,0.03,0
48,0.99,15.011,480,0.935,0.045,0
15,0.832,4.908,280,0.99,0.073,0
42,0.881,20.998,391,0.857,0.033,0
44,0.99,16.69,388,0.782,0.016,1
11,0.699,18.659,325,0.564,0.025,0
52,0.856,5.663,86,0.808,0.04,0
29,0.872,13.354,307,0.944,0.013,1
60,0.954,8.888,221,0.962,0.034,1
4,0.644,25.748,269,0.896,0.037,1
7,0.667,20.452,373,0.739,0.05,0
31,0.783,10.959,150,0.523,0.048,0
39,0.825,6.509,330,0.746,0.042,0
40,0.915,15.509,478,0.774,0.006,0
21,0.842,20.181,197,0.773,0.043,0
10,0.762,5.478,330,0.913,0.04,0
50,0.83,9.655,396,0.99,0.035,1
47,0.816,8.751,331,0.839,0.011,1
3,0.989,19.008,116,0.787,0.023,0
24,0.8,12.577,162,0.781,0.018,1
54,0.734,12.795,310,0.839,0.008,1
19,0.834,15.408,99,0.696,0.032,0
9,0.804,9.933,464,0.838,0.022,0
27,0.591,6.993,91,0.888,0.064,0
47,0.778,21.622,283,0.851,0.03,1
6,0.768,22.105,469,0.889,0.048,0
38,0.715,15.434,165,0.885,0.013,1
8,0.904,15.811,326,0.554,0.026,0
62,0.686,21.057,334,0.916,0.033,1
33,0.835,15.315,287,0.719,0.021,0
21,0.762,12.321,202,0.656,0.027,0
63,0.793,14.705,343,0.654,0.029,0
46,0.829,21.744,349,0.885,0.029,1
56,0.623,14.777,313,0.787,0.054,0
41,0.803,11.019,385,0.568,0.037,0
29,0.99,15.264,380,0.892,0.038,0
12,0.593,17.912,141,0.604,0.038,0
28,0.773,17.289,360,0.841,0.039,0
21,0.915,17.375,401,0.856,0.031,0
41,0.816,10.201,370,0.953,0.028,0
64,0.863,18.505,491,0.99,0.034,1
5,0.495,14.648,414,0.615,0.046,0
47,0.852,10.799,76,0.812,0.046,0
15,0.689,18.463,409,0.779,0.029,1
52,0.817,12.141,459,0.885,0.041,0
30,0.776,6.314,145,0.852,0.03,1
64,0.99,9.297,72,0.767,0.032,0
60,0.846,13.555,276,0.754,0.026,1
22,0.766,17.507,111,0.653,0.03,1
30,0.599,10.007,112,0.968,0.048,1
10,0.795,13.249,372,0.889,0.033,0
63,0.879,8.174,503,0.958,0.034,0
43,0.77,19.607,103,0.773,0.015,1
41,0.719,23.43,426,0.721,0.028,1
3,0.711,22.868,343,0.658,0.029,1
5,0.844,19.518,289,0.874,0.022,1
15,0.871,18.985,171,0.664,0.032,0
30,0.943,3.726,308,0.99,0.027,1
64,0.661,15.421,318,0.624,0.033,0
59,0.843,11.92,96,0.861,0.033,1
62,0.765,19.078,86,0.99,0.021,1
51,0.769,1.304,396,0.91,0.027,0
27,0.828,15.503,117,0.846,0.033,1
58,0.829,13.385,372,0.675,0.046,0
35,0.843,20.316,112,0.613,0.035,1
40,0.653,22.55,141,0.936,0.024,1
55,0.69,9.67,399,0.99,0.037,0
8,0.958,9.905,496,0.754,0.052,0
60,0.754,15.699,421,0.649,0.043,0
46,0.817,23.516,185,0.451,0.039,0
47,0.907,14.813,507,0.673,0.041,0
34,0.836,7.848,422,0.803,0.049,0
47,0.846,11.349,153,0.99,0.045,1
63,0.887,15.554,409,0.921,0.039,0
49,0.526,15.749,256,0.866,0.045,1
23,0.721,10.839,479,0.76,0.019,0
18,0.836,11.246,440,0.733,0.014,1
56,0.947,9.396,307,0.99,0.034,1
23,0.788,20.434,212,0.85,0.033,1
13,0.679,10.159,209,0.505,0.025,0
62,0.682,12.083,379,0.719,0.042,0
39,0.886,11.935,441,0.691,0.01,1
38,0.754,6.149,204,0.738,0.026,0
37,0.779,10.01,471,0.904,0.026,0
21,0.854,20.886,349,0.804,0.012,1
22,0.432,8.212,449,0.808,0.05,0
59,0.99,9.489,402,0.99,0.016,1
20,0.692,7.571,174,0.716,0.025,0
49,0.809,14.029,171,0.99,0.043,1
43,0.575,24.304,430,0.719,0.04,0
51,0.729,13.81,344,0.833,0.019,1
16,0.929,14.847,113,0.778,0.04,0
17,0.55,10.364,77,0.839,0.035,0
33,0.915,14.18,197,0.887,0.06,0
3,0.747,20.891,139,0.885,0.037,0
55,0.838,15.243,147,0.707,0.03,0
56,0.859,25.585,406,0.652,0.022,1
56,0.833,21.049,221,0.99,0.023,1
5,0.676,14.051,349,0.747,0.022,0
18,0.736,13.95,485,0.925,0.048,0
25,0.605,22.981,377,0.579,0.032,0
59,0.839,15.214,157,0.778,0.039,0
13,0.984,21.826,360,0.801,0.05,0
14,0.561,24.915,157,0.891,0.005,1
12,0.689,13.438,120,0.412,0.047,0
34,0.758,16.33,227,0.845,0.033,1
18,0.801,19.596,383,0.648,0.037,0
10,0.886,18.491,161,0.869,0.022,1
40,0.762,18.455,79,0.665,0.023,1
14,0.742,7.566,407,0.692,0.038,0
26,0.912,10.088,141,0.779,0.061,0
30,0.859,11.925,409,0.662,0.044,0
55,0.845,20.815,135,0.749,0.047,1
10,0.794,8.076,333,0.641,0.03,0
60,0.898,22.421,350,0.545,0.025,0
30,0.701,18.555,129,0.973,0.023,1
38,0.685,20.502,431,0.626,0.026,0
28,0.87,9.666,131,0.793,0.007,1
10,0.585,14.876,256,0.933,0.023,1
60,0.791,16.055,118,0.728,0.025,1
62,0.742,15.826,442,0.696,0.03,0
52,0.611,16.037,231,0.854,0.034,1
30,0.668,13.062,472,0.988,0.036,1
30,0.767,15.203,88,0.645,0.032,0
39,0.904,19.875,194,0.797,0.025,1
43,0.702,8.434,388,0.56,0.008,1
38,0.926,22.545,165,0.761,0.025,1
29,0.788,19.606,437,0.825,0.02,1
56,0.937,9.481,345,0.692,0.038,0
19,0.707,16.496,359,0.751,0.043,0
11,0.774,19.188,357,0.609,0.043,0
35,0.824,8.076,485,0.832,0.041,0
55,0.758,14.718,326,0.978,0.03,1
22,0.894,14.092,477,0.655,0.026,0
15,0.515,11.143,183,0.727,0.023,1
30,0.99,14.98,466,0.895,0.014,1
50,0.883,11.379,294,0.99,0.044,0
31,0.759,21.646,354,0.596,0.03,0
15,0.714,11.241,224,0.795,0.017,1
48,0.676,18.618,224,0.862,0.022,1
37,0.857,5.892,141,0.805,0.022,1
63,0.899,13.659,101,0.448,0.033,0
8,0.76,14.564,457,0.895,0.045,0
20,0.913,13.49,504,0.99,0.028,0
53,0.671,12.439,91,0.837,0.005,1
7,0.65,11.029,163,0.665,0.03,0
49,0.99,18.424,357,0.743,0.03,0
27,0.851,19.697,463,0.99,0.029,1
4,0.948,14.073,187,0.956,0.024,1
12,0.678,8.797,468,0.916,0.035,0
58,0.669,23.829,155,0.873,0.033,1
32,0.737,9.925,318,0.721,0.032,0
52,0.681,6.911,160,0.79,0.037,0
61,0.865,4.034,69,0.808,0.027,1
47,0.69,15.017,232,0.902,0.026,1
7,0.639,13.369,446,0.99,0.049,0
57,0.797,19.861,334,0.988,0.039,1
58,0.625,17.678,171,0.607,0.042,0
35,0.564,16.009,450,0.854,0.047,0
56,0.796,13.089,362,0.931,0.038,0
3,0.57,20.272,110,0.913,0.043,1
20,0.873,24.21,162,0.726,0.013,1
34,0.613,19.747,77,0.99,0.034,1
49,0.511,12.09,257,0.628,0.03,0
51,0.745,18.564,220,0.658,0.052,0
13,0.797,12.409,451,0.855,0.043,0
23,0.839,8.754,217,0.99,0.024,1
28,0.801,9.825,178,0.695,0.036,0
27,0.653,12.637,459,0.78,0.034,0
24,0.866,15.041,321,0.982,0.037,1
61,0.895,25.215,208,0.817,0.02,1
29,0.635,9.915,354,0.77,0.036,0
51,0.758,21.382,73,0.905,0.029,1
15,0.747,12.85,431,0.861,0.035,0
35,0.806,4.015,277,0.975,0.023,1
36,0.755,11.87,296,0.99,0.025,1
43,0.772,20.619,234,0.866,0.046,0
37,0.857,16.292,84,0.864,0.019,1
3,0.646,16.603,78,0.852,0.02,1
23,0.868,21.408,482,0.893,0.031,0
50,0.917,9.111,431,0.828,0.023,0
57,0.976,9.031,189,0.82,0.021,0
8,0.523,2.729,404,0.99,0.033,1
30,0.758,19.061,404,0.99,0.014,1
19,0.544,17.425,276,0.594,0.02,0
7,0.488,18.265,251,0.822,0.057,0
33,0.797,8.348,235,0.717,0.038,0
7,0.732,6.158,310,0.773,0.023,0
40,0.816,7.638,68,0.88,0.037,0
5,0.838,9.703,294,0.92,0.039,0
55,0.93,22.581,264,0.803,0.044,0
25,0.786,19.701,436,0.533,0.03,0
39,0.99,12.117,465,0.675,0.044,0
55,0.817,16.056,212,0.954,0.008,1
39,0.99,10.973,135,0.409,0.019,0
12,0.5,16.394,289,0.99,0.034,1
12,0.942,8.582,137,0.898,0.036,0
21,0.758,18.401,370,0.99,0.021,1
19,0.546,10.082,232,0.79,0.035,1
23,0.83,18.691,312,0.511,0.025,0
16,0.744,12.277,343,0.885,0.029,1
11,0.85,10.392,215,0.99,0.044,0
48,0.901,22.888,287,0.959,0.043,1
3,0.601,15.42,288,0.721,0.02,1
53,0.902,12.825,101,0.833,0.019,1
47,0.781,18.443,107,0.74,0.027,1
15,0.942,7.532,248,0.697,0.032,0
6,0.755,20.256,506,0.963,0.024,1
64,0.724,13.775,304,0.64,0.044,0
3,0.783,17.624,481,0.686,0.036,0
51,0.792,6.451,394,0.654,0.037,0
42,0.7,12.511,414,0.596,0.017,0
34,0.72,14.524,273,0.842,0.046,0
36,0.633,19.858,86,0.99,0.005,1
30,0.728,18.038,187,0.792,0.042,1
33,0.861,12.459,149,0.594,0.043,0
10,0.764,16.153,106,0.946,0.027,1
41,0.901,21.034,103,0.99,0.047,1
28,0.758,13.46,366,0.723,0.031,0
60,0.608,12.894,232,0.748,0.033,1
36,0.852,4.674,238,0.897,0.036,0
56,0.699,13.049,83,0.99,0.07,0
56,0.752,5.454,172,0.742,0.048,0
5,0.929,13.905,256,0.62,0.04,0
61,0.641,19.638,307,0.915,0.021,1
52,0.8,3.478,387,0.94,0.034,0
14,0.775,20.918,343,0.821,0.022,1
3,0.864,12.783,291,0.736,0.042,0
56,0.883,14.359,99,0.969,0.034,1
46,0.812,11.887,108,0.899,0.019,1
7,0.737,5.591,449,0.705,0.033,0
32,0.837,10.428,91,0.827,0.022,1
32,0.94,25.407,217,0.617,0.034,0
61,0.777,8.801,86,0.923,0.022,1
59,0.748,6.24,270,0.781,0.032,0
19,0.827,15.235,483,0.755,0.041,0
50,0.785,14.054,154,0.815,0.031,1
49,0.619,12.819,453,0.826,0.027,1
25,0.809,14.575,482,0.954,0.034,1
17,0.618,17.85,422,0.909,0.04,0
39,0.825,11.447,101,0.797,0.019,1
23,0.684,15.511,482,0.935,0.035,1
16,0.784,19.824,291,0.88,0.048,0
4,0.827,9.324,265,0.756,0.039,0
13,0.99,2.425,413,0.801,0.033,0
53,0.869,17.988,372,0.798,0.04,0
41,0.944,27.515,317,0.896,0.037,1
40,0.99,14.462,101,0.765,0.041,0
62,0.839,15.55,284,0.761,0.008,1
36,0.814,12.962,250,0.99,0.013,1
40,0.652,22.758,106,0.961,0.044,1
52,0.766,14.096,422,0.706,0.014,1
36,0.693,13.53,177,0.906,0.037,1
20,0.732,19.236,323,0.838,0.028,1
32,0.99,11.982,68,0.879,0.02,1
17,0.794,7.82,131,0.841,0.036,0
29,0.675,19.088,291,0.99,0.034,1
53,0.945,11.424,186,0.872,0.057,0
36,0.895,9.428,236,0.811,0.025,1
54,0.901,25.42,399,0.976,0.049,0
59,0.539,13.571,216,0.855,0.036,1
40,0.99,17.07,330,0.838,0.024,1
35,0.713,14.654,220,0.867,0.042,1
26,0.873,9.891,225,0.806,0.039,0
17,0.99,18.085,277,0.821,0.032,0
62,0.99,16.136,461,0.732,0.035,0
32,0.663,11.071,439,0.707,0.025,1
57,0.607,16.753,471,0.67,0.022,0
44,0.952,11.826,506,0.611,0.041,0
53,0.797,8.757,486,0.688,0.029,0
19,0.72,8.231,89,0.794,0.031,1
7,0.855,15.904,490,0.835,0.035,0
31,0.76,12.51,355,0.779,0.035,0
6,0.864,22.309,486,0.467,0.015,0
12,0.788,14.277,252,0.99,0.047,0
58,0.867,10.417,463,0.983,0.033,1
19,0.673,15.321,185,0.887,0.03,1
12,0.951,7.77,293,0.99,0.037,0
19,0.864,14.063,122,0.673,0.035,0
62,0.858,16.16,159,0.99,0.041,1
22,0.646,15.517,325,0.675,0.038,0
26,0.984,21.275,417,0.856,0.041,0
7,0.778,28.007,375,0.629,0.048,0
36,0.867,17.991,199,0.822,0.043,0
8,0.741,20.63,413,0.878,0.03,1
55,0.811,27.726,346,0.797,0.019,1
4,0.816,9.268,474,0.927,0.052,0
15,0.442,15.179,183,0.835,0.029,1
64,0.85,12.014,493,0.742,0.026,0
45,0.99,18.882,488,0.735,0.011,0
45,0.845,15.912,88,0.942,0.036,1
50,0.665,10.244,405,0.722,0.034,0
13,0.858,14.557,209,0.957,0.014,1
53,0.907,19.944,75,0.99,0.037,1
49,0.841,7.721,150,0.57,0.026,0
59,0.771,10.354,498,0.99,0.064,0
25,0.751,9.574,172,0.99,0.025,1
57,0.75,16.197,486,0.858,0.027,0
18,0.864,20.951,408,0.91,0.022,1
33,0.611,4.049,329,0.976,0.047,0
13,0.735,14.991,285,0.779,0.028,1
56,0.971,9.694,137,0.847,0.023,1
18,0.976,19.728,396,0.623,0.04,0
10,0.603,13.268,373,0.841,0.015,1
6,0.644,15.18,476,0.895,0.04,0
42,0.748,14.493,165,0.897,0.053,0
6,0.887,20.346,488,0.98,0.039,0
58,0.561,25.153,200,0.704,0.04,1
27,0.773,8.6,254,0.74,0.042,0
5,0.723,9.547,484,0.99,0.053,0
34,0.939,16.172,205,0.797,0.047,0
5,0.579,10.255,420,0.85,0.037,0
29,0.791,19.355,136,0.81,0.043,0
31,0.733,20.189,391,0.697,0.021,0
34,0.956,11.658,230,0.99,0.041,1
52,0.852,10.53,231,0.741,0.02,1
63,0.71,13.071,117,0.651,0.028,1
60,0.882,15.041,322,0.752,0.005,1
53,0.733,16.137,502,0.52,0.037,0
21,0.9,2.785,174,0.722,0.024,0
23,0.752,9.469,295,0.675,0.045,0
7,0.907,12.399,224,0.913,0.037,0
20,0.832,10.356,415,0.719,0.045,0
30,0.99,1.0,390,0.953,0.019,0
44,0.774,4.68,82,0.99,0.044,1
63,0.826,7.712,353,0.937,0.057,0
24,0.722,13.901,113,0.788,0.041,0
23,0.78,12.232,238,0.841,0.041,0
8,0.456,11.216,365,0.591,0.034,0
3,0.836,18.642,247,0.8,0.026,1
7,0.941,18.64,248,0.691,0.041,0
43,0.828,15.28,402,0.924,0.014,1
14,0.622,15.125,370,0.99,0.027,1
28,0.684,10.045,373,0.895,0.011,1
48,0.488,10.668,409,0.521,0.024,0
36,0.897,5.62,144,0.766,0.04,1
51,0.659,13.196,437,0.838,0.038,1
16,0.777,18.586,219,0.833,0.033,1
28,0.762,21.543,338,0.71,0.034,1
47,0.959,13.227,346,0.857,0.009,1
29,0.79,17.057,495,0.634,0.028,0
11,0.877,1.0,312,0.678,0.024,0
28,0.846,12.249,210,0.917,0.024,1
59,0.943,12.127,498,0.668,0.039,0
49,0.751,22.254,70,0.901,0.022,1
59,0.99,16.543,220,0.615,0.025,0
24,0.542,17.07,234,0.99,0.007,1
49,0.883,16.8,132,0.704,0.028,0
58,0.676,14.736,157,0.786,0.019,1
32,0.721,22.468,432,0.87,0.033,1
45,0.848,2.513,426,0.735,0.021,0
50,0.847,15.26,439,0.842,0.033,0
63,0.853,20.375,249,0.906,0.03,0
19,0.614,4.665,455,0.964,0.052,0
28,0.954,18.857,233,0.939,0.038,1
38,0.672,10.542,267,0.794,0.01,1
3,0.688,15.071,105,0.798,0.017,1
10,0.857,10.442,76,0.99,0.033,1
51,0.746,19.488,217,0.962,0.021,1
37,0.817,13.001,337,0.682,0.005,1
63,0.521,18.898,361,0.835,0.048,1
54,0.814,16.764,114,0.77,0.041,0
17,0.806,10.372,432,0.8,0.038,0
49,0.719,17.11,275,0.636,0.025,0
58,0.531,11.049,207,0.758,0.037,1
24,0.754,14.833,420,0.99,0.024,1
16,0.776,12.906,66,0.907,0.034,1
28,0.736,19.18,317,0.446,0.021,0
30,0.56,17.31,398,0.99,0.05,1
25,0.971,14.34,319,0.983,0.013,1
16,0.703,10.934,161,0.766,0.047,0
26,0.753,7.901,236,0.928,0.032,0
4,0.491,15.205,213,0.691,0.026,1
47,0.971,11.212,342,0.749,0.034,0
28,0.724,4.734,122,0.99,0.041,0
16,0.792,7.584,509,0.779,0.048,0
61,0.914,22.955,176,0.54,0.036,0
58,0.699,11.068,387,0.811,0.021,1
53,0.896,20.127,306,0.808,0.033,0
9,0.533,12.645,373,0.99,0.054,0
5,0.846,20.946,120,0.822,0.048,1
49,0.969,20.569,470,0.757,0.043,0
25,0.71,10.206,430,0.977,0.042,0
48,0.914,4.163,123,0.838,0.04,0
45,0.99,4.603,392,0.707,0.046,0
49,0.749,10.295,279,0.99,0.027,1
62,0.739,24.326,296,0.849,0.016,1
47,0.672,12.365,118,0.82,0.033,1
20,0.719,15.255,436,0.847,0.022,1
60,0.682,21.277,271,0.659,0.019,1
40,0.672,15.074,126,0.741,0.023,1
37,0.924,14.895,247,0.821,0.062,0
53,0.685,17.738,374,0.791,0.034,1
17,0.811,16.003,344,0.99,0.036,1
27,0.785,13.983,89,0.853,0.017,1
57,0.96,10.748,240,0.948,0.01,1
39,0.72,14.908,126,0.821,0.022,1
30,0.826,20.191,492,0.978,0.049,0
12,0.875,23.766,136,0.88,0.036,1
41,0.959,16.02,398,0.822,0.039,0
59,0.718,18.427,230,0.818,0.041,1
19,0.706,15.903,288,0.677,0.025,0
41,0.653,14.046,128,0.896,0.049,1
24,0.99,17.174,132,0.814,0.024,1
28,0.946,20.685,503,0.745,0.049,0
64,0.775,9.891,72,0.986,0.037,1
46,0.99,6.953,299,0.632,0.011,0
27,0.768,11.728,261,0.757,0.023,0
19,0.867,15.601,475,0.974,0.011,1
15,0.781,19.023,236,0.867,0.046,1
22,0.828,9.355,345,0.813,0.032,0
27,0.815,1.559,91,0.858,0.005,1
6,0.729,11.851,359,0.847,0.037,0
12,0.911,13.492,462,0.593,0.026,0
5,0.866,8.456,197,0.768,0.014,1
43,0.903,10.568,90,0.99,0.052,1
47,0.818,19.01,101,0.721,0.033,1
20,0.671,14.906,259,0.772,0.028,1
49,0.985,16.297,266,0.739,0.027,0
38,0.748,12.65,148,0.807,0.014,1
49,0.824,10.579,383,0.733,0.016,0
24,0.856,12.613,93,0.893,0.047,1
36,0.823,17.094,162,0.85,0.026,1
49,0.89,6.745,450,0.936,0.032,0
10,0.909,23.081,253,0.662,0.007,1
42,0.753,17.489,75,0.769,0.016,1
51,0.975,11.713,154,0.786,0.039,0
46,0.748,18.73,93,0.888,0.037,1
21,0.82,20.856,276,0.701,0.053,0
44,0.733,12.782,101,0.957,0.048,1
43,0.699,13.374,404,0.99,0.029,1
39,0.905,22.266,123,0.672,0.038,1
8,0.99,25.519,357,0.746,0.028,0
54,0.737,14.653,423,0.74,0.057,0
28,0.926,8.477,206,0.99,0.046,1
36,0.741,12.053,465,0.756,0.034,0
61,0.779,19.872,243,0.99,0.034,1
58,0.99,9.143,348,0.63,0.049,0
61,0.651,13.417,175,0.672,0.039,1
47,0.619,16.021,293,0.717,0.051,0
8,0.77,9.702,507,0.693,0.006,0
39,0.86,20.201,84,0.78,0.038,1
59,0.836,18.109,208,0.714,0.026,1
35,0.823,24.95,209,0.697,0.053,0
55,0.784,18.564,504,0.99,0.051,0
24,0.874,9.503,438,0.99,0.032,0
23,0.43,17.258,484,0.962,0.05,0
8,0.69,19.638,379,0.899,0.053,0
8,0.769,19.905,229,0.834,0.033,1
57,0.865,10.46,203,0.745,0.062,0
50,0.959,9.839,266,0.677,0.032,0
6,0.674,8.574,307,0.874,0.029,0
32,0.955,22.845,176,0.644,0.042,0
13,0.726,17.739,264,0.671,0.028,0
64,0.764,10.23,448,0.99,0.033,1
64,0.85,15.161,377,0.99,0.049,0
32,0.756,13.857,322,0.879,0.032,1
33,0.913,9.443,318,0.986,0.012,1
26,0.731,14.688,510,0.783,0.036,0
57,0.733,15.492,468,0.619,0.024,0
11,0.906,24.543,86,0.912,0.042,1
57,0.688,11.09,456,0.905,0.04,0
5,0.81,5.611,309,0.831,0.05,0
53,0.581,9.045,402,0.784,0.043,0
33,0.99,9.858,374,0.964,0.045,0
42,0.925,12.28,429,0.672,0.024,0
39,0.99,9.058,435,0.704,0.042,0
38,0.941,18.775,466,0.669,0.056,0
26,0.644,8.697,381,0.833,0.024,1
33,0.86,14.604,150,0.657,0.054,0
8,0.67,24.901,282,0.717,0.025,1
4,0.969,17.379,486,0.714,0.022,0
22,0.648,16.844,419,0.781,0.036,0
30,0.642,24.158,90,0.597,0.041,1
13,0.587,20.977,493,0.833,0.043,1
6,0.721,17.439,353,0.99,0.02,1
17,0.697,12.884,352,0.84,0.037,1
8,0.629,14.382,411,0.99,0.024,1
56,0.99,14.129,286,0.99,0.014,1
51,0.844,12.413,415,0.937,0.021,1
32,0.829,15.603,241,0.831,0.023,1
58,0.971,16.324,211,0.823,0.038,0
40,0.811,8.028,487,0.935,0.046,0
53,0.69,22.987,290,0.761,0.014,1
64,0.576,16.631,414,0.538,0.036,0
59,0.683,13.134,249,0.894,0.018,1
4,0.961,15.65,478,0.65,0.04,0
17,0.629,19.338,357,0.676,0.025,0
13,0.822,6.873,492,0.82,0.019,0
10,0.904,13.954,104,0.806,0.042,0
28,0.814,8.334,456,0.608,0.025,0
53,0.828,28.316,456,0.845,0.028,1
47,0.859,15.219,254,0.965,0.005,1
46,0.826,8.376,142,0.651,0.043,0
7,0.973,33.217,268,0.99,0.042,1
8,0.655,11.713,447,0.586,0.032,0
28,0.809,13.413,341,0.99,0.014,1
56,0.562,13.789,335,0.758,0.047,0
6,0.531,10.091,95,0.842,0.024,1
21,0.77,15.786,205,0.536,0.027,0
22,0.845,3.004,314,0.811,0.06,0
35,0.976,20.147,357,0.854,0.024,1
22,0.99,8.635,161,0.807,0.041,0
51,0.938,12.34,199,0.736,0.039,0
14,0.867,18.408,340,0.678,0.037,0
49,0.799,13.437,375,0.99,0.035,1
3,0.596,13.65,365,0.825,0.037,1
28,0.762,9.237,106,0.99,0.035,1
16,0.935,25.397,183,0.741,0.031,1
40,0.888,17.264,283,0.755,0.05,0
39,0.626,8.87,109,0.942,0.016,1
64,0.854,15.427,299,0.577,0.044,0
13,0.843,8.502,111,0.638,0.042,0
38,0.822,23.457,261,0.985,0.04,1
15,0.777,15.538,147,0.644,0.045,0
45,0.86,9.427,94,0.547,0.031,1
5,0.864,18.127,224,0.99,0.01,1
35,0.703,13.054,491,0.611,0.031,0
8,0.835,7.801,134,0.848,0.02,1
52,0.757,16.481,71,0.83,0.023,1
58,0.602,16.335,449,0.398,0.017,0
12,0.713,20.416,464,0.78,0.026,1
7,0.592,14.835,115,0.887,0.025,1
25,0.898,15.057,108,0.873,0.005,1
12,0.823,15.333,356,0.956,0.04,0
46,0.737,22.795,489,0.762,0.059,0
4,0.95,12.888,363,0.927,0.039,0
15,0.788,16.941,436,0.717,0.03,0
42,0.608,17.707,101,0.608,0.031,0
4,0.727,16.319,418,0.625,0.027,0
22,0.976,12.691,443,0.601,0.033,0
3,0.7,15.127,294,0.971,0.032,0
39,0.813,14.013,325,0.593,0.022,1
11,0.869,24.688,131,0.861,0.052,1
19,0.851,12.12,242,0.78,0.014,1
11,0.99,9.755,420,0.805,0.041,0
13,0.639,14.468,482,0.99,0.031,1
17,0.651,14.101,249,0.754,0.055,0
26,0.641,15.524,504,0.912,0.036,0
40,0.744,12.121,264,0.826,0.028,1
57,0.912,15.074,453,0.797,0.029,1
37,0.656,15.174,76,0.99,0.032,1
32,0.914,19.211,506,0.604,0.018,0
33,0.784,14.984,277,0.99,0.023,1
51,0.647,15.033,283,0.918,0.011,1
7,0.57,17.185,349,0.748,0.021,1
64,0.597,19.012,307,0.99,0.033,1
62,0.7,9.385,419,0.543,0.036,0
46,0.76,7.988,321,0.742,0.008,1
52,0.942,23.316,121,0.639,0.03,0
16,0.876,18.161,99,0.882,0.039,1
55,0.679,13.359,391,0.653,0.03,0
58,0.829,14.602,492,0.885,0.024,0
13,0.978,12.459,456,0.792,0.027,0
11,0.99,15.599,445,0.748,0.026,0
36,0.742,9.446,256,0.878,0.024,1
14,0.895,18.869,396,0.78,0.034,0
37,0.947,15.412,113,0.657,0.06,0
37,0.599,15.6,95,0.99,0.023,1
3,0.719,9.851,161,0.747,0.028,0
42,0.99,17.226,106,0.487,0.031,0
24,0.744,9.971,444,0.694,0.024,0
62,0.429,10.901,414,0.63,0.045,0
31,0.765,14.956,397,0.944,0.005,1
10,0.915,27.538,373,0.868,0.026,1
13,0.781,15.392,110,0.88,0.042,1
43,0.866,1.142,333,0.764,0.028,0
39,0.893,11.159,495,0.778,0.022,0
16,0.737,18.055,374,0.764,0.037,0
62,0.718,8.632,476,0.808,0.043,0
32,0.798,18.822,494,0.945,0.035,1
37,0.801,15.326,126,0.87,0.022,1
23,0.786,19.655,82,0.895,0.037,1
39,0.791,11.594,410,0.895,0.027,1
7,0.69,11.189,456,0.953,0.041,0
21,0.87,17.438,164,0.863,0.05,0
61,0.852,14.461,100,0.874,0.005,1
16,0.62,14.146,170,0.99,0.033,1
28,0.733,22.659,155,0.72,0.011,1
64,0.791,17.642,371,0.692,0.061,0
6,0.716,4.152,248,0.642,0.026,0
27,0.856,18.655,279,0.847,0.041,1
47,0.772,18.135,91,0.542,0.032,0
44,0.8,20.662,99,0.889,0.022,1
27,0.732,9.614,435,0.804,0.021,1
20,0.541,16.189,383,0.99,0.051,1
42,0.534,15.08,81,0.719,0.043,1
10,0.851,9.52,408,0.79,0.055,0
41,0.812,19.423,482,0.988,0.033,1
42,0.833,13.244,259,0.99,0.035,1
16,0.796,20.494,141,0.718,0.029,0
34,0.806,10.637,230,0.847,0.029,1
53,0.896,6.905,153,0.864,0.019,1
63,0.833,13.239,327,0.876,0.033,1
40,0.905,15.706,271,0.781,0.023,1
35,0.801,11.722,275,0.99,0.037,1
25,0.744,1.0,334,0.537,0.034,0
17,0.803,16.495,326,0.757,0.035,0
35,0.68,16.471,336,0.887,0.052,0
27,0.734,18.073,405,0.889,0.032,1
19,0.801,12.521,277,0.99,0.041,1
35,0.8,12.238,437,0.99,0.057,1
49,0.767,21.99,127,0.777,0.048,1
57,0.613,6.308,75,0.99,0.046,1
4,0.856,13.215,273,0.713,0.028,0
16,0.88,15.24,375,0.96,0.035,1
55,0.977,17.651,237,0.99,0.016,1
42,0.833,15.383,494,0.99,0.038,0
42,0.78,9.706,319,0.836,0.035,0
53,0.658,20.572,164,0.77,0.032,1
41,0.959,14.51,79,0.591,0.044,0
53,0.81,5.826,260,0.867,0.018,1
8,0.803,15.588,321,0.653,0.052,0
8,0.75,16.971,447,0.701,0.043,0
5,0.742,24.696,307,0.641,0.031,0
9,0.863,16.626,411,0.751,0.03,0
53,0.657,6.793,312,0.816,0.038,1
10,0.975,6.976,168,0.861,0.05,0
44,0.949,21.045,245,0.73,0.033,0
54,0.738,10.325,218,0.98,0.034,1
17,0.676,6.442,350,0.789,0.032,0
49,0.538,19.703,232,0.702,0.053,0
31,0.63,12.026,483,0.854,0.028,0
35,0.868,19.424,110,0.99,0.032,1
54,0.818,9.743,106,0.87,0.05,0
32,0.839,22.164,384,0.766,0.034,1
41,0.559,19.035,369,0.591,0.046,0
29,0.733,10.742,284,0.787,0.021,1
38,0.944,5.866,64,0.855,0.03,1
31,0.768,26.487,263,0.762,0.05,1
40,0.627,13.407,504,0.57,0.024,0
59,0.767,10.534,207,0.692,0.03,0
35,0.687,21.709,441,0.99,0.035,1
63,0.82,19.418,91,0.99,0.02,1
39,0.782,20.651,405,0.687,0.027,0
29,0.845,13.988,401,0.921,0.033,0
57,0.634,24.281,341,0.643,0.033,1
35,0.726,7.685,104,0.99,0.047,1
64,0.911,11.629,395,0.857,0.05,1
6,0.617,16.527,210,0.962,0.022,1
24,0.66,20.574,408,0.563,0.033,0
4,0.804,17.938,241,0.922,0.04,0
12,0.814,14.069,378,0.819,0.05,0
7,0.721,12.029,388,0.948,0.041,1
61,0.747,20.602,481,0.957,0.035,1
12,0.844,18.475,230,0.83,0.04,0
35,0.882,9.952,186,0.73,0.04,0
56,0.652,9.798,137,0.937,0.021,1
40,0.824,11.663,302,0.811,0.034,1
15,0.961,10.996,312,0.689,0.05,0
33,0.766,19.855,326,0.682,0.03,1
49,0.65,16.766,315,0.598,0.034,0
38,0.645,17.4,420,0.743,0.029,1
47,0.761,15.497,174,0.985,0.005,1
26,0.904,15.742,243,0.847,0.032,1
54,0.775,6.275,251,0.741,0.036,0
58,0.803,18.63,371,0.941,0.026,1
17,0.66,11.57,270,0.695,0.018,1
31,0.898,14.328,297,0.834,0.021,1
10,0.643,12.04,87,0.793,0.041,0
7,0.719,15.259,89,0.937,0.056,0
31,0.856,17.48,444,0.583,0.049,0
49,0.535,9.254,281,0.692,0.016,1
6,0.801,15.814,409,0.574,0.042,0
14,0.655,12.165,441,0.781,0.024,0
47,0.782,21.372,73,0.99,0.025,1
4,0.738,8.704,80,0.744,0.026,0
29,0.99,9.287,308,0.743,0.04,0
33,0.733,12.63,269,0.951,0.044,0
53,0.99,9.687,321,0.98,0.031,0
53,0.85,13.333,175,0.807,0.031,1
38,0.684,11.755,268,0.923,0.038,1
38,0.82,14.96,90,0.658,0.039,0
28,0.743,19.742,134,0.99,0.046,1
45,0.809,14.871,239,0.99,0.017,1
29,0.694,15.344,265,0.898,0.032,1
7,0.983,9.002,311,0.507,0.019,0
22,0.891,13.803,181,0.736,0.031,0
13,0.784,12.307,72,0.912,0.029,1
64,0.987,18.045,149,0.757,0.031,1
12,0.789,10.524,86,0.99,0.022,1
42,0.912,10.025,303,0.908,0.014,1
40,0.785,16.151,136,0.714,0.007,1
8,0.827,24.797,90,0.825,0.03,1
10,0.77,13.585,412,0.686,0.027,0
25,0.791,15.375,144,0.793,0.024,1
49,0.8,19.43,147,0.737,0.048,0
28,0.7,17.152,262,0.99,0.022,1
48,0.732,17.186,106,0.99,0.049,1
45,0.754,14.005,326,0.605,0.051,0
14,0.808,14.106,155,0.532,0.009,1
28,0.776,10.573,402,0.783,0.033,0
15,0.921,17.029,510,0.592,0.027,0
42,0.882,16.91,147,0.827,0.005,1
64,0.756,18.229,363,0.932,0.015,1
20,0.946,11.962,486,0.99,0.041,0
27,0.99,18.817,359,0.85,0.056,0
35,0.535,20.393,198,0.791,0.043,1
49,0.892,8.187,344,0.523,0.036,0
42,0.697,12.956,122,0.824,0.032,1
62,0.876,20.61,460,0.831,0.052,0
45,0.929,11.122,422,0.916,0.058,0
14,0.675,17.25,405,0.714,0.025,0
46,0.558,14.545,304,0.755,0.008,1
38,0.88,16.221,431,0.598,0.007,0
50,0.796,14.703,405,0.476,0.048,0
6,0.58,18.38,161,0.654,0.031,0
7,0.99,9.188,125,0.584,0.034,0
58,0.855,9.751,327,0.871,0.011,1
39,0.86,22.115,176,0.742,0.023,1
10,0.944,25.422,492,0.739,0.028,0
44,0.71,14.472,209,0.672,0.034,0
51,0.796,23.419,279,0.335,0.027,0
30,0.622,10.487,319,0.99,0.02,1
33,0.707,11.736,379,0.67,0.023,0
60,0.826,22.079,379,0.758,0.046,0
11,0.58,18.681,425,0.602,0.035,0
56,0.704,22.853,321,0.966,0.039,1
53,0.669,16.936,257,0.842,0.021,1
31,0.797,9.235,410,0.696,0.005,0
16,0.849,15.663,77,0.761,0.026,1
42,0.869,20.75,367,0.99,0.022,1
43,0.9,13.81,166,0.809,0.036,1
24,0.945,13.011,308,0.793,0.071,0
13,0.853,17.016,308,0.679,0.04,0
25,0.99,11.591,375,0.536,0.065,0
3,0.794,16.037,331,0.796,0.039,0
48,0.759,14.83,287,0.869,0.024,0
39,0.853,11.95,283,0.985,0.036,0
23,0.754,19.6,374,0.483,0.053,0
28,0.99,17.859,475,0.651,0.054,0
48,0.916,12.661,429,0.733,0.025,0
38,0.87,14.422,280,0.819,0.035,1
56,0.796,13.089,67,0.798,0.015,1
25,0.731,11.179,99,0.802,0.042,0
59,0.864,5.669,241,0.881,0.051,0
3,0.645,11.984,450,0.685,0.032,0
56,0.964,11.255,320,0.96,0.024,1
57,0.759,15.097,80,0.885,0.036,1
53,0.817,16.792,262,0.772,0.037,1
42,0.671,10.329,381,0.99,0.033,1
17,0.867,16.442,111,0.99,0.034,1
23,0.726,9.528,125,0.96,0.03,1
49,0.858,13.848,132,0.367,0.044,0
11,0.871,11.367,210,0.99,0.041,1
55,0.702,18.38,422,0.939,0.02,1
11,0.645,15.107,429,0.99,0.02,1
12,0.964,13.927,225,0.99,0.029,1
54,0.757,11.249,290,0.99,0.041,0
59,0.807,12.79,496,0.952,0.034,0
55,0.838,24.011,494,0.99,0.024,1
28,0.63,11.894,410,0.99,0.035,1
43,0.836,16.993,293,0.852,0.028,1
37,0.792,13.914,433,0.584,0.043,0
54,0.703,16.844,241,0.774,0.036,1
27,0.641,18.852,408,0.878,0.028,1
28,0.853,12.659,473,0.831,0.035,0
13,0.915,18.191,119,0.633,0.048,0
40,0.801,28.835,141,0.575,0.025,1
4,0.608,17.451,333,0.709,0.037,1
9,0.653,22.891,269,0.941,0.031,1
20,0.728,17.001,344,0.99,0.037,1
29,0.968,9.654,291,0.957,0.024,1
36,0.75,15.934,451,0.979,0.033,1
29,0.724,12.782,302,0.808,0.045,0
19,0.579,11.401,351,0.559,0.021,0
45,0.701,14.123,145,0.752,0.016,1
61,0.632,13.695,397,0.781,0.017,1
46,0.66,8.988,313,0.745,0.018,0
61,0.794,28.584,256,0.828,0.039,1
53,0.732,18.701,169,0.886,0.015,1
56,0.984,15.771,252,0.948,0.028,1
26,0.909,14.967,339,0.778,0.039,0
27,0.707,20.752,137,0.534,0.037,1
9,0.67,25.293,73,0.748,0.027,1
54,0.946,18.062,186,0.827,0.034,1
8,0.979,15.13,279,0.99,0.033,1
55,0.517,22.158,353,0.735,0.029,1
26,0.791,15.24,508,0.897,0.029,0
35,0.75,16.764,474,0.864,0.059,0
51,0.858,19.705,103,0.827,0.042,0
31,0.99,12.49,256,0.96,0.062,0
45,0.722,3.706,190,0.721,0.026,0
24,0.533,12.238,352,0.734,0.031,1
28,0.849,18.52,134,0.818,0.016,1
30,0.947,18.153,200,0.724,0.022,1
52,0.744,21.482,207,0.896,0.055,1
23,0.695,12.436,452,0.713,0.026,0
51,0.728,22.721,417,0.854,0.055,1
9,0.882,15.462,443,0.805,0.017,0
19,0.725,17.643,470,0.852,0.019,1
22,0.819,19.199,362,0.751,0.028,0
43,0.783,7.315,433,0.769,0.031,0
51,0.771,9.275,408,0.834,0.043,0
22,0.864,9.102,504,0.85,0.037,0
56,0.723,20.076,498,0.819,0.027,0
24,0.728,12.912,332,0.99,0.03,1
30,0.876,25.043,447,0.671,0.028,0
63,0.662,14.518,471,0.81,0.021,1
42,0.674,6.849,202,0.584,0.021,0
51,0.629,11.003,115,0.876,0.044,1
9,0.882,15.11,80,0.653,0.01,1
3,0.767,17.179,228,0.778,0.051,0
34,0.622,9.379,76,0.764,0.028,1
15,0.882,17.456,253,0.862,0.023,1
32,0.713,18.845,403,0.737,0.041,0
25,0.675,11.167,416,0.731,0.05,0
53,0.757,24.74,425,0.99,0.045,1
61,0.957,11.73,415,0.863,0.038,0
58,0.733,9.301,327,0.736,0.045,0
21,0.849,6.548,375,0.782,0.011,1
64,0.867,20.847,284,0.99,0.026,1
34,0.833,14.619,167,0.785,0.021,1
32,0.933,12.008,402,0.717,0.047,0
31,0.695,6.834,261,0.717,0.027,0
51,0.655,12.476,363,0.738,0.042,1
47,0.652,26.884,507,0.731,0.038,1
31,0.763,3.349,422,0.628,0.022,0
32,0.666,11.215,431,0.651,0.025,0
18,0.798,23.822,232,0.696,0.048,0
42,0.789,20.995,212,0.909,0.023,1
21,0.902,11.533,312,0.763,0.033,0
20,0.815,15.559,319,0.789,0.023,1
3,0.73,16.907,105,0.99,0.028,1
16,0.829,15.196,265,0.99,0.031,1
53,0.656,23.779,307,0.778,0.023,1
49,0.775,16.267,220,0.725,0.02,1
52,0.818,20.405,512,0.69,0.035,0
4,0.796,15.444,464,0.924,0.022,1
56,0.83,3.932,349,0.789,0.022,0
30,0.703,8.299,345,0.762,0.021,0
51,0.918,9.379,500,0.698,0.031,0
52,0.99,13.204,444,0.705,0.043,0
32,0.588,25.308,301,0.868,0.05,1
40,0.634,16.385,82,0.623,0.023,1
53,0.785,13.95,116,0.969,0.058,1
6,0.749,20.941,148,0.74,0.02,1
3,0.99,6.95,336,0.798,0.045,0
10,0.806,11.954,493,0.619,0.023,0
31,0.947,11.186,423,0.818,0.022,0
57,0.534,16.57,276,0.771,0.023,1
41,0.878,19.158,500,0.812,0.031,0
5,0.694,16.952,424,0.99,0.039,1
34,0.692,17.034,167,0.847,0.04,1
12,0.75,12.622,255,0.701,0.021,0
12,0.609,16.168,492,0.713,0.02,0
21,0.833,10.133,240,0.909,0.021,1
48,0.803,18.006,210,0.99,0.031,1
36,0.812,11.897,443,0.862,0.029,1
62,0.886,8.668,144,0.923,0.021,1
35,0.962,14.697,256,0.911,0.035,1
25,0.736,4.552,100,0.99,0.059,0
57,0.837,22.167,440,0.528,0.026,0
30,0.815,18.645,389,0.92,0.027,1
34,0.825,16.252,217,0.968,0.039,1
52,0.827,6.057,193,0.619,0.025,0
9,0.971,10.859,122,0.687,0.04,0
31,0.725,14.711,287,0.692,0.023,1
10,0.597,13.132,312,0.711,0.054,0
3,0.696,5.719,303,0.748,0.036,0
59,0.871,7.655,437,0.856,0.025,0
57,0.783,13.028,452,0.95,0.025,1
5,0.724,7.827,356,0.982,0.026,1
26,0.651,21.631,350,0.694,0.048,0
25,0.807,17.072,267,0.693,0.017,1
61,0.857,10.322,162,0.99,0.024,1
63,0.817,20.58,413,0.917,0.025,1
10,0.75,19.532,239,0.832,0.032,1
56,0.798,16.003,325,0.891,0.029,1
59,0.797,14.294,334,0.816,0.014,1
49,0.803,12.948,206,0.899,0.027,1
39,0.638,11.692,252,0.77,0.031,1
5,0.804,7.549,335,0.86,0.024,1
53,0.727,22.447,83,0.593,0.04,0
35,0.905,11.793,396,0.717,0.043,0
30,0.796,14.647,363,0.718,0.031,0
49,0.88,9.767,489,0.764,0.035,0
10,0.744,13.151,109,0.681,0.006,1
36,0.748,29.324,158,0.74,0.027,1
37,0.959,10.725,481,0.593,0.044,0
34,0.832,22.033,127,0.902,0.027,1
26,0.694,14.355,476,0.808,0.023,1
16,0.888,18.036,194,0.564,0.059,0
34,0.716,20.972,72,0.695,0.054,1
58,0.807,15.916,266,0.87,0.038,1
48,0.99,12.671,472,0.739,0.046,0
45,0.608,13.532,361,0.715,0.005,1
18,0.759,13.707,237,0.809,0.023,1
6,0.829,24.195,136,0.872,0.026,1
54,0.872,6.783,147,0.605,0.029,0
39,0.631,5.292,122,0.903,0.026,1
56,0.596,5.639,84,0.7,0.005,1
23,0.911,9.852,469,0.817,0.037,0
16,0.694,18.14,220,0.815,0.039,0
33,0.689,18.459,382,0.741,0.051,0
57,0.966,11.341,392,0.666,0.023,0
50,0.788,14.352,124,0.777,0.022,1
20,0.789,8.695,127,0.99,0.005,1
9,0.758,9.178,388,0.616,0.028,0
12,0.633,17.515,231,0.99,0.043,1
9,0.861,19.948,266,0.781,0.025,0
35,0.829,12.021,192,0.825,0.058,0
25,0.8,23.002,308,0.657,0.029,1
23,0.766,19.521,169,0.704,0.034,0
21,0.745,22.777,384,0.745,0.016,1
50,0.889,12.935,185,0.663,0.035,0
63,0.763,22.408,381,0.789,0.008,1
21,0.772,25.834,245,0.759,0.04,0
38,0.844,12.355,166,0.99,0.041,1
31,0.805,13.698,379,0.645,0.048,0
62,0.977,9.572,365,0.835,0.02,1
20,0.569,8.55,324,0.857,0.034,1
4,0.816,8.611,176,0.659,0.039,0
3,0.695,10.28,469,0.923,0.037,0
49,0.667,15.929,500,0.76,0.022,1
7,0.725,10.5,133,0.446,0.005,0
22,0.787,15.77,223,0.919,0.036,1
13,0.792,15.877,303,0.652,0.03,0
44,0.598,12.055,74,0.663,0.025,1
4,0.715,14.174,201,0.923,0.041,1
5,0.814,11.755,230,0.768,0.031,0
25,0.675,12.884,310,0.958,0.016,1
57,0.646,10.294,417,0.99,0.009,1
14,0.509,14.937,94,0.723,0.018,1
22,0.7,11.377,75,0.939,0.061,1
7,0.642,8.436,306,0.707,0.041,0
39,0.662,17.586,171,0.99,0.034,1
40,0.747,17.762,399,0.716,0.03,0
32,0.708,20.281,485,0.974,0.029,1
11,0.64,9.173,386,0.947,0.046,1
36,0.526,11.999,257,0.867,0.026,1
55,0.816,15.699,371,0.719,0.039,0
46,0.87,11.889,196,0.797,0.028,1
37,0.732,17.469,458,0.497,0.055,0
54,0.748,17.089,344,0.854,0.041,0
60,0.78,16.992,354,0.872,0.047,1
24,0.969,22.09,226,0.84,0.025,1
46,0.592,17.849,341,0.374,0.045,0
26,0.73,15.3,484,0.63,0.028,0
19,0.573,13.494,502,0.708,0.033,0
12,0.823,13.856,266,0.864,0.052,0
32,0.763,8.966,159,0.863,0.019,1
58,0.804,5.318,286,0.794,0.034,0
61,0.798,16.912,300,0.915,0.037,1
48,0.899,20.863,180,0.666,0.038,1
25,0.845,12.783,255,0.912,0.027,0
34,0.88,22.753,339,0.891,0.057,0
19,0.652,13.582,169,0.877,0.016,1
52,0.923,4.34,67,0.793,0.05,0
53,0.693,19.275,81,0.99,0.047,1
19,0.7,12.008,370,0.894,0.055,0
16,0.813,19.746,83,0.675,0.013,1
11,0.816,7.857,185,0.857,0.022,1
42,0.651,16.643,200,0.933,0.05,1
4,0.759,10.338,143,0.732,0.009,1
47,0.959,15.547,217,0.983,0.013,1
27,0.604,18.486,421,0.877,0.026,1
41,0.958,17.279,88,0.469,0.034,0
11,0.751,14.861,232,0.865,0.051,0
56,0.499,7.332,122,0.759,0.03,1
24,0.616,18.298,364,0.901,0.025,1
45,0.664,19.863,104,0.962,0.036,1
48,0.705,9.076,101,0.849,0.038,1
6,0.767,9.841,180,0.99,0.037,1
28,0.456,20.082,338,0.793,0.03,1
60,0.802,13.416,333,0.914,0.009,1
31,0.653,9.975,190,0.941,0.021,1
47,0.947,15.917,468,0.805,0.049,0
36,0.748,11.18,462,0.937,0.034,1
25,0.893,15.337,66,0.731,0.028,1
39,0.913,12.351,356,0.757,0.045,0
13,0.91,12.797,436,0.623,0.018,0
8,0.712,20.274,493,0.856,0.029,1
20,0.71,1.664,79,0.869,0.034,0
23,0.753,17.385,461,0.99,0.027,1
44,0.856,19.416,328,0.939,0.033,0
38,0.719,11.266,302,0.777,0.03,0
43,0.766,19.376,326,0.643,0.015,1
40,0.813,9.513,461,0.885,0.034,0
36,0.671,11.068,197,0.987,0.016,1
19,0.664,10.469,276,0.933,0.034,1
39,0.761,19.447,78,0.983,0.048,1
27,0.777,5.426,499,0.788,0.029,0
40,0.832,23.029,391,0.75,0.018,1
60,0.861,12.914,481,0.709,0.03,0
14,0.648,17.698,423,0.812,0.022,1
25,0.683,17.249,192,0.808,0.039,1
55,0.664,15.286,415,0.851,0.03,1
44,0.949,11.376,185,0.801,0.053,0
24,0.766,20.96,304,0.8,0.046,0
23,0.782,11.823,178,0.703,0.03,1
29,0.787,10.698,260,0.961,0.041,0
59,0.694,19.064,285,0.831,0.027,1
33,0.968,15.258,277,0.794,0.032,0
8,0.829,21.561,467,0.708,0.028,0
29,0.785,14.174,143,0.62,0.041,0
42,0.647,11.115,326,0.99,0.049,0
36,0.641,15.929,198,0.903,0.042,1
14,0.743,12.172,369,0.576,0.043,0
47,0.696,11.266,305,0.934,0.043,0
59,0.652,18.826,449,0.958,0.039,1
55,0.735,24.024,366,0.839,0.018,1
9,0.754,13.218,333,0.99,0.052,0
12,0.797,9.431,350,0.853,0.054,0
47,0.72,13.702,113,0.607,0.029,1
19,0.659,17.177,252,0.875,0.028,1
28,0.663,15.839,360,0.857,0.039,0
23,0.926,20.71,77,0.73,0.039,1
30,0.63,17.958,452,0.906,0.03,1
64,0.824,8.762,295,0.57,0.017,0
60,0.842,11.935,324,0.969,0.036,1
48,0.765,7.32,255,0.688,0.039,0
4,0.99,20.452,476,0.672,0.041,0
62,0.84,4.142,266,0.803,0.036,0
56,0.99,7.827,324,0.885,0.029,0
45,0.702,11.839,176,0.845,0.044,0
3,0.704,17.432,437,0.709,0.033,0
53,0.843,11.787,415,0.744,0.026,0
55,0.749,12.601,99,0.65,0.03,1
38,0.982,12.703,142,0.786,0.011,1
53,0.821,15.398,338,0.981,0.03,1
28,0.655,8.153,511,0.819,0.04,0
31,0.572,9.575,341,0.949,0.036,1
23,0.771,23.241,225,0.99,0.05,1
13,0.769,16.592,375,0.732,0.029,0
42,0.818,18.456,80,0.792,0.038,1
13,0.925,14.802,267,0.99,0.042,1
38,0.909,13.771,503,0.99,0.06,0
51,0.711,16.877,80,0.569,0.034,0
61,0.625,18.284,265,0.878,0.019,1
41,0.632,18.9,273,0.82,0.042,0
42,0.692,13.842,465,0.944,0.054,0
37,0.736,19.468,492,0.708,0.028,0
56,0.817,1.676,141,0.694,0.042,0
36,0.684,19.14,119,0.719,0.047,1
57,0.814,12.28,143,0.734,0.044,0
49,0.823,17.378,369,0.942,0.034,1
26,0.797,11.123,121,0.643,0.024,1
56,0.645,7.601,81,0.727,0.031,1
24,0.836,16.266,271,0.552,0.038,0
7,0.99,6.692,198,0.971,0.043,0
58,0.81,12.422,395,0.99,0.036,0
35,0.426,10.275,73,0.771,0.027,1
60,0.929,13.59,132,0.775,0.039,1
38,0.696,18.645,404,0.888,0.042,1
49,0.99,11.953,450,0.99,0.037,1
22,0.794,16.136,146,0.881,0.022,1
21,0.578,18.345,172,0.715,0.03,1
37,0.532,11.342,107,0.577,0.043,1
54,0.965,11.418,461,0.653,0.015,0
45,0.913,21.621,195,0.831,0.007,1
19,0.99,14.087,81,0.722,0.05,0
64,0.781,17.148,156,0.849,0.038,1
61,0.773,17.108,499,0.737,0.039,0
47,0.734,8.27,357,0.661,0.019,0
45,0.701,10.543,211,0.643,0.041,0
36,0.733,16.452,235,0.99,0.035,1
11,0.806,3.75,114,0.953,0.013,1
28,0.679,13.401,82,0.99,0.049,1
4,0.58,10.001,183,0.901,0.034,0
55,0.799,20.275,387,0.756,0.027,0
11,0.676,16.3,288,0.99,0.027,1
11,0.391,20.694,129,0.815,0.008,1
42,0.846,14.297,204,0.853,0.039,1
19,0.647,13.908,509,0.814,0.035,0
3,0.859,12.914,252,0.378,0.03,0
27,0.857,11.884,221,0.99,0.047,0
63,0.814,28.46,161,0.894,0.015,1
45,0.99,18.697,221,0.869,0.025,1
42,0.763,8.956,498,0.811,0.022,0
44,0.746,28.224,309,0.845,0.029,1
27,0.862,12.394,407,0.73,0.033,0
41,0.773,16.17,495,0.912,0.037,0
37,0.919,19.386,299,0.624,0.028,0
5,0.628,6.503,96,0.848,0.021,1
52,0.63,10.198,424,0.904,0.052,0
39,0.872,23.07,304,0.79,0.061,0
46,0.64,13.331,393,0.876,0.034,1
46,0.853,19.693,401,0.671,0.023,0
53,0.824,12.142,338,0.675,0.05,0
32,0.697,14.006,134,0.856,0.015,1
40,0.824,23.783,376,0.922,0.028,1
36,0.632,16.775,466,0.539,0.024,0
14,0.66,12.707,279,0.898,0.018,1
21,0.752,10.947,142,0.739,0.029,1
39,0.789,11.422,232,0.791,0.022,1
46,0.744,20.956,361,0.619,0.032,0
61,0.832,18.481,243,0.692,0.032,1
61,0.827,8.527,179,0.965,0.025,1
51,0.964,14.953,323,0.825,0.028,0
63,0.769,14.153,323,0.763,0.029,1
19,0.923,16.144,68,0.803,0.042,0
12,0.89,11.361,360,0.893,0.03,0
59,0.99,20.209,171,0.886,0.042,1
57,0.765,14.493,406,0.809,0.039,0
51,0.73,16.442,423,0.984,0.039,1
49,0.931,10.42,180,0.966,0.049,0
14,0.826,10.682,420,0.882,0.019,1
64,0.934,28.319,508,0.828,0.026,1
18,0.866,23.86,394,0.919,0.053,0
26,0.527,14.138,502,0.867,0.029,0
21,0.825,22.472,394,0.979,0.005,1
10,0.817,20.806,76,0.955,0.03,1
33,0.796,11.249,205,0.667,0.034,0
23,0.764,10.73,251,0.657,0.005,1
19,0.589,17.977,344,0.715,0.048,0
25,0.885,15.852,178,0.966,0.023,1
39,0.825,12.41,491,0.584,0.036,0
56,0.912,18.25,299,0.879,0.029,1
18,0.595,6.999,401,0.874,0.017,1
8,0.841,15.098,73,0.99,0.019,1
10,0.752,8.058,262,0.847,0.021,0
27,0.797,8.229,315,0.619,0.045,0
20,0.753,10.825,113,0.676,0.03,0
27,0.845,16.389,491,0.643,0.026,0
14,0.76,10.989,205,0.739,0.021,0
17,0.654,8.166,334,0.793,0.046,0
61,0.79,16.982,79,0.645,0.05,0
28,0.754,22.262,65,0.99,0.046,1
43,0.77,17.822,221,0.621,0.038,0
47,0.397,23.869,93,0.99,0.035,1
28,0.862,21.828,145,0.99,0.017,1
49,0.742,11.965,94,0.955,0.029,1
34,0.618,17.787,299,0.716,0.024,1
12,0.891,14.024,396,0.871,0.01,1
18,0.856,20.023,211,0.628,0.045,0
9,0.741,14.023,240,0.957,0.024,1
19,0.642,10.399,433,0.809,0.046,0
25,0.801,21.642,98,0.759,0.043,0
28,0.795,16.153,86,0.636,0.039,0
23,0.891,11.05,169,0.448,0.039,0
24,0.727,11.907,160,0.664,0.025,0
60,0.923,11.016,293,0.987,0.054,0
9,0.715,9.291,290,0.76,0.033,0
16,0.619,12.017,434,0.795,0.036,0
17,0.644,16.44,163,0.918,0.024,1
55,0.773,14.833,508,0.99,0.021,1
9,0.772,12.221,118,0.99,0.038,1
11,0.819,22.277,258,0.674,0.035,0
53,0.769,4.045,71,0.529,0.023,0
50,0.897,16.092,487,0.99,0.015,1
10,0.749,13.758,378,0.99,0.017,1
52,0.54,9.455,191,0.848,0.046,1
61,0.765,16.395,95,0.629,0.025,1
25,0.539,13.357,156,0.964,0.028,1
31,0.813,20.985,70,0.804,0.049,1
20,0.907,19.014,321,0.803,0.019,0
33,0.662,24.412,404,0.954,0.023,1
32,0.95,11.987,453,0.87,0.023,0
54,0.881,21.762,283,0.642,0.051,0
41,0.925,8.438,303,0.771,0.056,0
37,0.803,13.925,169,0.919,0.041,1
20,0.661,12.081,99,0.897,0.041,1
61,0.874,17.633,479,0.859,0.025,0
44,0.705,17.507,108,0.96,0.055,1
41,0.794,9.817,361,0.766,0.035,0
19,0.759,17.923,372,0.847,0.042,1
16,0.915,12.521,429,0.314,0.031,0
33,0.868,10.253,72,0.753,0.029,0
26,0.77,14.439,150,0.935,0.052,1
37,0.546,6.82,433,0.761,0.038,0
46,0.704,19.343,394,0.75,0.049,0
62,0.865,14.211,240,0.664,0.035,0
47,0.814,14.325,193,0.971,0.022,1
36,0.6,14.047,258,0.902,0.025,1
5,0.563,23.064,74,0.944,0.033,1
39,0.803,22.398,369,0.561,0.024,0
45,0.653,21.524,482,0.796,0.019,0
42,0.665,14.058,185,0.778,0.046,0
28,0.861,8.699,462,0.778,0.025,0
57,0.924,14.417,298,0.728,0.034,0
25,0.69,16.135,394,0.768,0.036,0
46,0.775,18.726,94,0.947,0.025,1
41,0.771,16.118,411,0.533,0.049,0
17,0.76,9.162,509,0.99,0.019,1
58,0.785,11.716,475,0.893,0.035,1
51,0.871,11.244,287,0.814,0.035,0
6,0.699,17.303,216,0.956,0.031,0
31,0.597,17.431,275,0.602,0.016,1
24,0.983,18.112,155,0.72,0.042,0
27,0.911,16.065,472,0.802,0.041,0
15,0.648,3.792,394,0.99,0.024,1
20,0.796,5.526,411,0.813,0.04,0
35,0.901,13.771,192,0.888,0.036,0
18,0.87,15.01,506,0.732,0.017,0
47,0.835,21.019,260,0.893,0.022,1
44,0.76,14.905,105,0.99,0.046,1
46,0.987,9.425,429,0.969,0.036,0
64,0.807,17.943,481,0.808,0.025,1
4,0.718,14.41,291,0.921,0.022,1
57,0.885,12.409,257,0.907,0.026,1
37,0.792,6.104,81,0.896,0.027,1
44,0.822,14.943,396,0.987,0.022,1
36,0.804,15.69,306,0.986,0.011,1
32,0.84,9.32,452,0.801,0.046,0
61,0.663,18.371,339,0.916,0.044,0
57,0.606,17.905,190,0.763,0.017,1
15,0.952,14.754,138,0.682,0.034,1
15,0.81,14.561,125,0.78,0.021,1
20,0.873,19.419,351,0.809,0.029,0
34,0.569,16.411,249,0.571,0.028,0
34,0.908,10.848,241,0.949,0.027,1
37,0.717,13.472,229,0.405,0.056,0
61,0.683,17.396,246,0.99,0.027,1
41,0.772,3.932,91,0.99,0.022,1
48,0.663,9.656,393,0.781,0.023,1
54,0.78,18.047,310,0.821,0.045,1
31,0.764,20.786,400,0.865,0.012,1
64,0.907,19.809,85,0.732,0.023,1
51,0.962,19.145,490,0.849,0.049,0
31,0.958,15.175,483,0.798,0.035,0
64,0.508,9.15,159,0.806,0.034,1
55,0.668,13.478,185,0.847,0.058,0
46,0.507,4.135,313,0.623,0.035,0
59,0.637,21.263,442,0.826,0.024,1
18,0.702,10.251,371,0.845,0.029,0
58,0.829,11.727,483,0.839,0.018,1
46,0.718,20.005,475,0.788,0.047,0
49,0.721,6.104,397,0.99,0.039,0
59,0.802,8.315,505,0.767,0.045,0
12,0.575,15.893,483,0.854,0.047,0
32,0.679,17.206,389,0.99,0.027,1
27,0.72,14.127,200,0.808,0.021,1
41,0.756,14.297,340,0.852,0.031,1
22,0.789,21.096,383,0.806,0.022,1
7,0.96,17.809,395,0.99,0.034,1
3,0.889,17.106,124,0.781,0.046,0
32,0.688,18.533,313,0.99,0.03,1
51,0.749,12.937,158,0.804,0.034,1
5,0.74,25.8,359,0.691,0.031,0
47,0.718,2.501,247,0.922,0.042,0
16,0.813,22.081,323,0.774,0.024,1
58,0.557,19.191,350,0.913,0.006,1
32,0.886,15.791,218,0.411,0.038,0
52,0.983,14.916,249,0.821,0.044,0
6,0.748,13.691,472,0.751,0.037,0
20,0.745,20.238,132,0.661,0.024,0
64,0.799,14.293,389,0.737,0.018,1
39,0.902,10.715,324,0.734,0.038,0
27,0.741,19.19,178,0.813,0.034,1
50,0.892,22.741,410,0.615,0.03,0
3,0.839,4.479,71,0.867,0.054,0
55,0.99,26.757,328,0.99,0.021,1
48,0.741,9.109,334,0.862,0.053,0
17,0.543,9.506,312,0.941,0.032,1
11,0.608,8.027,168,0.984,0.01,1
17,0.781,14.504,326,0.99,0.03,1
51,0.903,7.845,287,0.99,0.044,0
59,0.702,8.477,391,0.745,0.028,0
26,0.752,10.92,434,0.712,0.014,1
6,0.862,15.22,334,0.938,0.03,1
14,0.664,15.721,228,0.926,0.022,1
61,0.707,20.954,146,0.936,0.038,1
60,0.64,20.834,358,0.99,0.041,1
39,0.921,19.828,197,0.822,0.019,1
63,0.965,13.14,274,0.884,0.024,1
39,0.59,4.926,376,0.673,0.041,0
45,0.763,4.811,155,0.99,0.022,1
62,0.949,19.792,400,0.77,0.019,1
8,0.828,18.888,466,0.774,0.018,1
41,0.721,11.293,190,0.768,0.036,1
58,0.594,7.008,254,0.723,0.036,0
48,0.918,9.055,222,0.711,0.024,0
26,0.823,15.408,394,0.741,0.032,0
13,0.603,15.418,398,0.615,0.05,0
64,0.923,19.921,73,0.702,0.02,1
15,0.588,12.158,170,0.99,0.009,1
36,0.754,13.231,150,0.93,0.037,1
27,0.748,20.352,130,0.959,0.031,1
9,0.974,3.45,125,0.99,0.023,1
54,0.749,16.151,450,0.99,0.04,1
6,0.748,12.762,209,0.554,0.042,0
61,0.616,18.206,216,0.636,0.006,1
10,0.703,17.166,170,0.699,0.024,1
22,0.682,10.879,211,0.75,0.06,0
31,0.688,11.862,249,0.775,0.039,0
56,0.781,2.53,412,0.753,0.04,0
55,0.488,18.4,405,0.853,0.046,0
53,0.599,15.747,241,0.825,0.032,1
47,0.767,21.772,440,0.712,0.042,0
48,0.795,12.423,398,0.494,0.041,0
12,0.752,19.255,329,0.671,0.038,0
45,0.775,8.936,212,0.738,0.028,0
36,0.731,1.0,310,0.783,0.034,0
59,0.778,14.009,317,0.651,0.025,0
28,0.832,11.553,92,0.746,0.032,1
43,0.831,9.036,415,0.65,0.018,0
51,0.697,19.17,329,0.801,0.023,1
60,0.89,20.783,76,0.659,0.029,1
5,0.799,15.048,110,0.693,0.021,0
58,0.928,13.551,214,0.624,0.026,0
8,0.952,14.826,113,0.797,0.03,0
7,0.607,11.105,278,0.69,0.037,0
7,0.677,17.425,195,0.956,0.043,0
56,0.878,6.495,435,0.881,0.026,0
49,0.58,8.92,176,0.81,0.048,0
25,0.95,10.385,315,0.7,0.043,0
51,0.739,17.315,404,0.877,0.038,1
11,0.849,12.927,116,0.924,0.034,1
37,0.766,21.574,193,0.841,0.036,1
22,0.613,18.677,387,0.99,0.046,1
60,0.907,10.334,256,0.889,0.047,0
51,0.99,17.794,142,0.957,0.048,1
63,0.718,12.377,120,0.84,0.032,1
61,0.741,16.961,160,0.921,0.039,1
44,0.462,18.929,261,0.7,0.048,0
37,0.942,20.297,198,0.751,0.025,1
52,0.889,15.551,210,0.872,0.028,1
20,0.572,22.821,235,0.871,0.032,1
64,0.532,16.795,126,0.896,0.043,1
19,0.546,15.202,128,0.985,0.043,1
26,0.857,12.927,358,0.606,0.029,0
5,0.869,11.217,274,0.674,0.014,1
34,0.669,16.683,172,0.854,0.035,1
37,0.84,15.024,345,0.711,0.021,1
40,0.799,15.856,235,0.99,0.014,1
15,0.736,17.0,75,0.897,0.017,1
58,0.896,15.834,469,0.808,0.036,0
63,0.635,24.969,396,0.743,0.048,0
49,0.918,11.755,283,0.748,0.032,0
27,0.693,16.748,461,0.825,0.035,0
11,0.99,13.316,405,0.837,0.046,0
6,0.659,1.7,349,0.751,0.013,0
16,0.738,13.494,235,0.779,0.038,0
39,0.787,9.63,299,0.99,0.032,1
36,0.786,14.153,229,0.99,0.039,1
13,0.839,14.363,250,0.858,0.026,1
43,0.626,16.504,233,0.619,0.022,1
58,0.776,11.743,115,0.901,0.034,1
5,0.797,12.394,382,0.99,0.052,0
61,0.717,18.144,252,0.99,0.042,1
30,0.828,10.293,183,0.93,0.026,1
31,0.618,4.94,168,0.99,0.016,1
11,0.741,15.317,225,0.828,0.012,1
5,0.69,20.068,358,0.914,0.048,0
27,0.741,18.084,104,0.718,0.021,1
36,0.954,15.413,440,0.864,0.028,1
14,0.956,21.003,427,0.99,0.048,0
44,0.932,20.126,228,0.732,0.013,1
11,0.725,12.779,384,0.691,0.05,0
17,0.889,15.787,437,0.835,0.029,0
42,0.793,16.01,398,0.786,0.018,1
27,0.785,14.049,223,0.917,0.029,1
7,0.771,20.398,327,0.752,0.023,0
13,0.99,13.709,416,0.99,0.037,0
61,0.944,11.899,81,0.627,0.024,0
36,0.869,1.024,236,0.99,0.009,1
26,0.76,10.349,415,0.705,0.029,0
62,0.785,7.66,96,0.551,0.016,0
17,0.844,14.29,324,0.856,0.034,0
40,0.717,7.981,273,0.782,0.018,1
10,0.893,17.665,446,0.654,0.026,0
61,0.669,20.264,393,0.568,0.034,0
7,0.827,14.338,445,0.819,0.029,0
50,0.505,9.383,227,0.966,0.035,1
28,0.714,15.989,470,0.908,0.04,0
20,0.99,24.346,487,0.829,0.018,1
8,0.904,22.729,68,0.892,0.031,1
39,0.964,7.188,97,0.816,0.005,1
62,0.7,6.995,343,0.606,0.035,0
50,0.792,5.662,208,0.607,0.028,0
15,0.934,8.588,414,0.79,0.02,1
30,0.856,15.808,134,0.796,0.036,1
7,0.841,11.605,411,0.948,0.046,0
15,0.976,10.139,293,0.934,0.026,0
19,0.655,19.903,188,0.911,0.021,1
52,0.758,17.256,341,0.778,0.034,0
42,0.57,5.636,334,0.613,0.016,0
47,0.649,19.605,420,0.882,0.024,1
34,0.909,17.131,78,0.899,0.047,0
64,0.67,17.247,305,0.462,0.033,0
31,0.868,11.534,216,0.695,0.009,1
53,0.979,13.526,116,0.716,0.01,1
60,0.759,4.242,212,0.838,0.034,0
5,0.842,19.008,421,0.699,0.042,0
58,0.869,9.306,282,0.814,0.013,1
42,0.633,9.973,176,0.788,0.037,0
36,0.706,9.902,351,0.796,0.048,0
42,0.66,23.862,340,0.713,0.055,0
29,0.716,11.023,491,0.724,0.036,0
15,0.866,19.4,146,0.658,0.038,1
47,0.709,14.375,281,0.877,0.006,1
35,0.776,10.189,289,0.906,0.057,0
8,0.655,9.246,333,0.704,0.025,0
26,0.927,11.23,78,0.99,0.021,1
21,0.715,14.113,467,0.773,0.029,0
18,0.963,17.629,353,0.99,0.05,0
42,0.787,12.051,483,0.724,0.058,0
30,0.611,11.856,402,0.516,0.034,0
35,0.759,9.918,328,0.88,0.044,0
61,0.652,8.291,262,0.857,0.033,0
61,0.851,7.856,221,0.825,0.02,1
50,0.749,19.638,396,0.724,0.05,0
43,0.8,11.75,510,0.815,0.025,0
15,0.736,12.211,482,0.743,0.05,0
45,0.713,11.034,460,0.775,0.048,0
47,0.663,12.852,270,0.946,0.039,1
27,0.88,16.43,237,0.848,0.054,0
55,0.759,11.968,247,0.911,0.059,0
44,0.742,15.44,328,0.785,0.03,0
38,0.756,21.875,309,0.769,0.022,1
29,0.699,10.238,99,0.647,0.01,1
40,0.743,12.215,436,0.764,0.059,0
62,0.805,17.834,322,0.322,0.027,0
9,0.656,22.286,82,0.731,0.046,0
7,0.673,8.04,475,0.808,0.023,0
45,0.945,5.656,86,0.905,0.05,0
47,0.736,14.497,167,0.78,0.024,1
60,0.714,13.96,304,0.872,0.018,1
59,0.619,18.141,454,0.493,0.029,0
53,0.882,17.347,424,0.811,0.026,0
33,0.653,14.323,267,0.568,0.039,0
25,0.778,19.956,316,0.639,0.031,0
44,0.575,10.959,205,0.792,0.04,0
12,0.878,15.6,365,0.99,0.029,1
34,0.921,8.178,206,0.876,0.024,1
45,0.838,14.281,334,0.823,0.025,1
55,0.596,6.902,370,0.817,0.057,0
32,0.881,8.698,173,0.713,0.035,0
41,0.681,23.389,71,0.738,0.008,1
33,0.639,5.012,132,0.884,0.026,1
20,0.734,13.373,253,0.612,0.033,0
38,0.732,18.802,242,0.909,0.054,1
4,0.719,26.051,126,0.762,0.044,1
16,0.933,15.421,131,0.944,0.021,1
15,0.99,15.718,269,0.964,0.061,0
31,0.616,14.706,463,0.569,0.032,0
14,0.697,19.998,471,0.733,0.047,0
41,0.797,16.745,69,0.692,0.018,1
4,0.733,11.51,182,0.548,0.005,0
34,0.828,20.301,376,0.665,0.015,0
15,0.89,12.097,94,0.99,0.005,1
48,0.87,6.188,69,0.911,0.057,0
29,0.853,6.204,270,0.99,0.035,0
51,0.979,13.454,220,0.944,0.021,0
43,0.589,15.036,130,0.709,0.037,0
19,0.958,19.469,450,0.763,0.034,0
42,0.73,17.832,475,0.908,0.039,0
33,0.874,14.915,393,0.886,0.047,0
36,0.656,19.76,433,0.733,0.029,1
62,0.671,14.566,416,0.594,0.021,0
26,0.859,7.789,495,0.99,0.042,0
47,0.549,6.656,399,0.799,0.042,0
37,0.899,21.149,442,0.771,0.033,0
50,0.931,2.825,457,0.837,0.058,0
8,0.801,13.456,352,0.784,0.027,0
21,0.797,30.005,203,0.838,0.021,1
32,0.68,16.888,504,0.99,0.037,1
9,0.861,13.416,363,0.801,0.024,1
12,0.822,5.741,76,0.646,0.038,0
43,0.669,22.91,215,0.796,0.022,1
34,0.733,20.812,491,0.75,0.027,0
36,0.761,18.061,376,0.99,0.055,1
30,0.733,14.497,415,0.99,0.027,1
62,0.616,17.474,463,0.836,0.022,1
17,0.864,13.727,172,0.628,0.046,0
32,0.751,9.439,439,0.636,0.019,0
39,0.782,19.473,419,0.822,0.024,1
31,0.711,14.237,212,0.87,0.039,0
24,0.837,17.214,430,0.764,0.043,0
6,0.804,13.87,267,0.748,0.047,0
22,0.926,16.901,370,0.731,0.023,0
34,0.838,14.425,84,0.816,0.039,1
38,0.756,14.019,123,0.463,0.026,0
52,0.691,14.656,498,0.655,0.025,0
6,0.884,29.897,84,0.726,0.046,1
29,0.746,18.673,426,0.99,0.025,1
19,0.759,27.948,445,0.698,0.035,0
14,0.759,14.458,308,0.847,0.034,0
24,0.732,12.893,453,0.854,0.019,0
19,0.761,8.914,136,0.99,0.044,1
12,0.99,22.837,512,0.99,0.039,1
56,0.654,9.793,139,0.811,0.008,1
3,0.682,23.91,249,0.749,0.035,1
24,0.946,9.216,141,0.72,0.023,1
28,0.735,19.111,453,0.784,0.045,0
58,0.726,6.227,128,0.755,0.015,1
61,0.904,12.202,405,0.903,0.028,1
20,0.61,14.615,353,0.883,0.036,1
52,0.879,11.393,119,0.909,0.033,1
16,0.785,13.62,394,0.99,0.041,1
49,0.836,13.644,322,0.99,0.014,1
31,0.834,18.696,489,0.839,0.052,0
14,0.705,3.649,253,0.985,0.038,0
38,0.906,11.573,69,0.767,0.048,0
61,0.714,21.024,69,0.99,0.042,1
37,0.829,17.425,254,0.979,0.032,1
54,0.929,21.111,211,0.971,0.017,1
63,0.945,18.446,468,0.834,0.025,0
14,0.748,8.866,321,0.72,0.051,0
9,0.836,17.937,281,0.611,0.049,0
31,0.737,15.021,153,0.814,0.025,1
13,0.99,26.294,375,0.99,0.005,1
35,0.874,18.671,415,0.774,0.029,0
8,0.79,17.222,73,0.938,0.029,1
49,0.818,17.981,150,0.947,0.029,1
17,0.829,16.938,313,0.777,0.038,0
34,0.832,16.797,389,0.99,0.043,0
53,0.751,13.115,214,0.384,0.044,0
13,0.733,17.284,176,0.637,0.037,0
60,0.762,19.432,93,0.683,0.01,1
25,0.643,20.014,191,0.697,0.028,1
28,0.866,19.383,141,0.87,0.06,0
36,0.684,22.342,484,0.864,0.036,1
48,0.653,20.339,118,0.879,0.036,1
36,0.778,17.768,368,0.909,0.036,1
31,0.764,8.553,97,0.677,0.037,0
6,0.81,8.555,168,0.637,0.005,1
19,0.712,13.21,235,0.879,0.029,1
37,0.733,14.743,85,0.725,0.032,1
15,0.863,21.77,350,0.584,0.047,0
43,0.856,1.0,454,0.966,0.033,0
41,0.851,9.127,168,0.99,0.012,1
17,0.784,13.49,212,0.99,0.037,1
57,0.8,9.316,335,0.848,0.022,0
31,0.808,10.35,339,0.914,0.017,1
31,0.701,11.904,362,0.99,0.022,1
13,0.957,9.582,235,0.724,0.039,0
54,0.94,10.483,110,0.987,0.047,1
34,0.875,21.589,177,0.861,0.038,0
4,0.729,17.694,338,0.957,0.04,0
49,0.845,18.473,367,0.848,0.038,0
16,0.897,14.323,270,0.99,0.033,1
22,0.633,19.758,458,0.854,0.04,0
24,0.983,18.909,476,0.597,0.005,0
13,0.571,17.612,305,0.99,0.033,1
29,0.865,11.098,364,0.678,0.019,1
5,0.954,12.201,259,0.99,0.046,0
19,0.766,20.002,227,0.806,0.03,0
64,0.762,11.813,239,0.99,0.032,1
46,0.86,7.8,406,0.99,0.014,1
58,0.99,11.713,334,0.885,0.044,0
30,0.746,22.609,173,0.896,0.04,1
31,0.686,11.718,235,0.883,0.039,1
23,0.729,16.204,415,0.518,0.022,0
49,0.594,11.298,265,0.838,0.023,1
18,0.888,18.47,231,0.653,0.035,0
39,0.718,17.291,165,0.846,0.024,1
61,0.755,6.746,149,0.649,0.037,0
22,0.889,15.894,205,0.642,0.006,1
8,0.735,5.751,510,0.99,0.026,0
21,0.871,11.619,400,0.98,0.054,0
59,0.655,14.441,276,0.819,0.037,1
7,0.895,24.104,114,0.848,0.034,1
5,0.821,16.153,175,0.783,0.056,0
61,0.769,10.511,505,0.905,0.005,1
3,0.796,12.851,334,0.719,0.022,0
60,0.626,19.306,128,0.969,0.027,1
62,0.793,10.582,407,0.782,0.042,0
40,0.763,20.204,246,0.757,0.043,0
17,0.629,11.78,395,0.823,0.022,1
36,0.699,9.74,73,0.731,0.044,0
63,0.764,11.947,297,0.869,0.027,1
37,0.707,6.095,361,0.739,0.047,0
51,0.491,3.203,307,0.89,0.02,1
27,0.909,14.071,414,0.99,0.031,0
26,0.763,14.15,330,0.712,0.026,0
14,0.507,15.834,181,0.8,0.045,0
20,0.99,14.045,207,0.889,0.026,1
17,0.929,26.612,444,0.755,0.031,0
46,0.738,15.376,264,0.89,0.038,1
18,0.679,7.342,302,0.903,0.039,0
29,0.828,8.676,397,0.982,0.043,0
10,0.804,14.502,466,0.729,0.035,0
62,0.845,12.236,478,0.679,0.027,0
48,0.679,8.112,500,0.774,0.028,0
27,0.912,14.194,309,0.675,0.032,0
19,0.723,14.27,409,0.905,0.035,1
31,0.862,22.798,71,0.646,0.03,1
55,0.684,9.736,215,0.99,0.032,1
10,0.99,12.328,455,0.99,0.014,1
17,0.863,22.782,274,0.822,0.04,1
29,0.99,16.209,430,0.95,0.034,0
48,0.879,9.706,495,0.574,0.044,0
52,0.713,10.783,221,0.99,0.032,1
54,0.88,8.186,121,0.731,0.011,1
9,0.888,14.902,149,0.802,0.028,1
5,0.825,19.862,118,0.542,0.03,0
31,0.856,22.981,264,0.893,0.041,1
46,0.871,6.771,185,0.654,0.007,0
55,0.661,19.019,509,0.835,0.032,1
26,0.652,15.354,171,0.738,0.038,0
62,0.685,13.138,367,0.658,0.024,0
60,0.795,12.33,195,0.699,0.033,0
5,0.753,4.511,484,0.854,0.024,0
22,0.663,17.818,455,0.628,0.023,0
48,0.873,7.642,448,0.708,0.027,0
17,0.814,10.609,261,0.919,0.023,1
27,0.8,16.674,110,0.99,0.04,1
32,0.749,5.053,291,0.892,0.023,0
16,0.735,7.632,308,0.682,0.021,0
9,0.679,20.837,266,0.765,0.053,0
19,0.892,15.135,324,0.825,0.044,0
64,0.696,11.057,241,0.768,0.01,1
46,0.805,15.155,87,0.955,0.023,1
22,0.979,17.981,238,0.853,0.035,1
38,0.74,20.349,337,0.956,0.036,1
11,0.895,8.715,403,0.773,0.014,1
40,0.848,9.171,475,0.99,0.046,0
50,0.817,17.663,324,0.795,0.042,0
59,0.832,17.83,349,0.674,0.038,0
62,0.769,7.511,64,0.99,0.048,1
24,0.784,9.366,149,0.546,0.037,0
56,0.714,13.493,401,0.709,0.037,0
55,0.785,14.623,493,0.726,0.051,0
55,0.71,14.77,132,0.99,0.045,1
4,0.901,7.432,94,0.99,0.022,1
26,0.576,14.718,261,0.99,0.04,1
10,0.838,10.77,154,0.77,0.024,1
13,0.82,8.435,503,0.99,0.038,0
15,0.81,14.443,412,0.875,0.038,0
19,0.903,13.912,446,0.967,0.015,1
10,0.746,18.669,475,0.847,0.031,1
23,0.811,10.023,79,0.813,0.035,1
20,0.574,15.723,373,0.782,0.027,0
32,0.73,6.343,500,0.789,0.036,0
20,0.883,13.071,459,0.911,0.042,0
48,0.619,16.911,339,0.875,0.032,1
49,0.799,17.35,401,0.815,0.035,0
33,0.699,17.385,225,0.99,0.049,1
40,0.767,18.683,500,0.375,0.038,0
34,0.706,12.182,255,0.896,0.034,1
13,0.63,17.078,214,0.928,0.021,1
47,0.826,24.217,428,0.99,0.04,1
27,0.774,12.071,474,0.81,0.036,0
35,0.854,21.677,176,0.851,0.047,1
62,0.875,19.058,336,0.968,0.033,1
40,0.927,13.115,239,0.99,0.01,1
43,0.796,13.549,212,0.775,0.012,1
10,0.932,15.116,241,0.86,0.041,0
13,0.663,18.765,487,0.99,0.025,1
24,0.889,16.594,445,0.501,0.037,0
53,0.835,12.03,286,0.716,0.033,0
26,0.808,3.673,322,0.99,0.03,1
43,0.833,17.995,336,0.984,0.031,1
19,0.665,4.451,252,0.898,0.022,1
14,0.636,7.397,369,0.753,0.032,0
59,0.985,12.407,441,0.688,0.025,0
48,0.76,8.187,153,0.731,0.028,0
34,0.758,16.151,406,0.99,0.028,1
17,0.648,12.96,325,0.726,0.029,1
18,0.602,18.583,219,0.835,0.043,0
56,0.769,6.14,263,0.707,0.03,0
24,0.739,11.058,118,0.946,0.044,0
30,0.78,14.522,317,0.739,0.05,0
22,0.79,14.722,505,0.805,0.042,0
35,0.99,18.109,236,0.567,0.038,0
12,0.739,9.744,263,0.578,0.036,0
42,0.97,12.066,466,0.821,0.042,0
34,0.977,17.138,165,0.621,0.033,0
52,0.87,3.067,348,0.99,0.044,1
62,0.752,16.502,214,0.511,0.039,0
35,0.617,18.473,174,0.7,0.028,1
4,0.837,7.565,479,0.823,0.043,0
35,0.902,12.862,329,0.765,0.033,0
35,0.99,22.262,154,0.654,0.031,1
43,0.666,17.931,240,0.676,0.026,1
15,0.751,16.824,512,0.671,0.034,0
32,0.667,19.653,294,0.777,0.044,0
35,0.704,23.884,92,0.99,0.043,1
15,0.86,14.596,506,0.832,0.036,0
54,0.698,12.383,364,0.99,0.039,0
28,0.681,19.64,258,0.896,0.047,1
24,0.876,13.525,370,0.987,0.03,1
41,0.834,9.674,302,0.4,0.019,0
4,0.822,11.692,420,0.774,0.048,0
40,0.702,16.124,447,0.99,0.026,1
41,0.935,12.162,330,0.734,0.024,0
28,0.782,12.55,277,0.99,0.01,1
48,0.99,9.158,145,0.99,0.039,1
60,0.799,21.964,191,0.75,0.013,1
52,0.5,12.718,325,0.745,0.023,0
17,0.495,10.8,130,0.668,0.039,0
36,0.855,11.353,125,0.726,0.041,0
44,0.936,18.673,196,0.635,0.024,0
57,0.686,17.481,200,0.884,0.03,1
46,0.99,11.89,91,0.602,0.022,0
51,0.98,14.668,274,0.911,0.025,1
42,0.805,15.939,268,0.914,0.035,0
13,0.845,10.839,316,0.571,0.026,0
63,0.887,6.489,101,0.99,0.029,1
5,0.99,17.178,106,0.897,0.014,1
61,0.862,11.127,180,0.932,0.046,1
8,0.803,16.79,468,0.706,0.038,0
11,0.861,16.169,253,0.913,0.042,0
8,0.844,14.79,109,0.989,0.047,0
11,0.891,12.284,229,0.805,0.022,0
41,0.592,11.204,368,0.99,0.028,1
33,0.818,8.58,266,0.827,0.009,1
34,0.835,11.303,296,0.99,0.07,0
43,0.771,17.458,308,0.864,0.03,1
52,0.874,21.769,272,0.908,0.044,1
14,0.99,21.006,311,0.569,0.017,0
10,0.797,15.256,358,0.876,0.044,0
10,0.863,21.766,390,0.71,0.054,0
52,0.973,12.905,446,0.693,0.031,0
30,0.799,7.787,221,0.99,0.02,1
64,0.673,24.489,468,0.788,0.03,1
22,0.854,17.271,64,0.67,0.005,1
64,0.516,6.52,280,0.766,0.032,1
49,0.504,22.607,479,0.625,0.042,0
61,0.82,10.634,312,0.99,0.032,1
9,0.499,11.765,455,0.716,0.029,0
13,0.622,19.811,132,0.899,0.038,1
22,0.734,21.581,93,0.99,0.039,1
18,0.693,9.296,178,0.745,0.012,1
6,0.762,22.149,71,0.9,0.033,1
8,0.914,19.046,432,0.665,0.061,0
60,0.809,10.341,338,0.99,0.016,1
24,0.679,13.221,378,0.96,0.031,0
28,0.943,22.384,502,0.791,0.055,0
5,0.609,6.385,477,0.704,0.045,0
43,0.807,21.68,398,0.803,0.026,1
62,0.595,18.901,99,0.769,0.034,1
44,0.81,17.148,374,0.99,0.032,1
16,0.742,15.185,107,0.636,0.023,0
13,0.91,24.745,218,0.84,0.031,1
20,0.866,25.513,140,0.817,0.029,1
56,0.71,11.301,141,0.802,0.033,1
14,0.687,17.683,164,0.804,0.023,1
25,0.742,24.247,501,0.803,0.017,1
14,0.99,10.418,495,0.951,0.032,0
15,0.974,15.764,93,0.911,0.053,0
27,0.664,19.72,102,0.883,0.033,1
47,0.876,4.023,302,0.365,0.028,0
53,0.572,18.808,76,0.865,0.041,1
60,0.726,8.84,185,0.572,0.03,0
21,0.669,15.5,207,0.917,0.054,0
57,0.908,20.451,235,0.99,0.032,1
48,0.625,2.076,431,0.681,0.04,0
38,0.832,18.586,310,0.781,0.023,0
47,0.78,25.099,310,0.73,0.038,0
10,0.759,11.727,474,0.99,0.035,1
31,0.981,17.499,108,0.834,0.031,1
57,0.99,21.443,316,0.99,0.026,1
55,0.763,6.217,438,0.882,0.024,0
57,0.738,18.438,354,0.856,0.035,0
34,0.599,19.824,270,0.83,0.04,0
53,0.779,17.821,475,0.943,0.03,1
46,0.99,14.95,70,0.559,0.035,0
20,0.765,9.298,509,0.833,0.032,0
8,0.867,21.735,305,0.809,0.033,1
20,0.612,14.679,173,0.929,0.03,1
21,0.728,9.8,177,0.792,0.032,0
24,0.835,12.846,370,0.664,0.064,0
39,0.793,16.416,365,0.821,0.036,1
34,0.879,6.382,339,0.658,0.04,0
58,0.708,14.593,159,0.531,0.037,0
43,0.57,12.332,357,0.929,0.029,1
61,0.915,21.447,252,0.907,0.048,1
5,0.668,4.751,423,0.89,0.029,0
30,0.841,19.382,351,0.99,0.045,1
12,0.834,21.869,217,0.72,0.028,0
53,0.58,4.947,121,0.605,0.02,0
37,0.906,5.571,486,0.809,0.036,0
63,0.712,23.787,467,0.768,0.019,1
31,0.787,9.797,401,0.694,0.038,0
56,0.737,30.593,113,0.808,0.018,1
17,0.975,5.11,270,0.728,0.028,0
35,0.941,15.384,115,0.545,0.015,0
9,0.563,14.378,405,0.754,0.066,0
14,0.99,13.417,434,0.65,0.012,0
51,0.699,16.907,213,0.855,0.032,1
32,0.99,17.207,116,0.722,0.046,0
23,0.749,13.628,276,0.987,0.044,0
33,0.739,9.226,129,0.99,0.042,1
60,0.75,19.948,295,0.922,0.028,1
63,0.732,17.766,436,0.587,0.048,0
26,0.99,15.096,362,0.99,0.043,1
22,0.771,17.601,401,0.99,0.035,0
39,0.744,18.498,214,0.823,0.035,1
6,0.789,10.539,268,0.99,0.028,1
30,0.664,17.416,383,0.737,0.021,0
46,0.972,11.624,318,0.54,0.047,0
64,0.603,18.671,200,0.706,0.048,0
22,0.706,13.5,432,0.99,0.021,1
62,0.892,17.681,198,0.596,0.03,0
26,0.785,12.244,488,0.82,0.03,1
52,0.846,17.951,117,0.825,0.032,1
51,0.964,9.41,128,0.743,0.033,0
53,0.9,14.688,65,0.753,0.043,0
34,0.796,19.599,195,0.831,0.023,1
43,0.99,16.929,397,0.736,0.022,0
38,0.705,15.499,95,0.607,0.047,0
60,0.768,23.879,419,0.852,0.026,1
55,0.776,19.823,449,0.981,0.017,1
36,0.768,18.949,423,0.95,0.026,1
38,0.652,17.922,306,0.699,0.028,0
4,0.59,18.57,255,0.632,0.051,0
17,0.83,23.117,205,0.777,0.043,0
36,0.704,12.328,211,0.99,0.046,1
38,0.99,19.749,152,0.917,0.042,1
8,0.771,16.354,112,0.926,0.043,1
41,0.75,12.508,199,0.953,0.024,1
44,0.911,13.981,254,0.883,0.03,1
53,0.828,15.64,493,0.838,0.02,1
53,0.759,10.028,212,0.919,0.029,1
60,0.703,18.993,150,0.738,0.04,0
56,0.99,13.965,479,0.608,0.034,0
63,0.823,14.942,71,0.928,0.048,0
14,0.91,21.557,286,0.99,0.018,1
5,0.657,15.175,420,0.652,0.038,0
47,0.711,22.574,79,0.943,0.017,1
20,0.99,11.771,359,0.99,0.033,0
42,0.948,8.795,169,0.82,0.041,0
23,0.835,12.992,346,0.697,0.029,0
17,0.734,1.0,167,0.838,0.039,0
35,0.752,19.21,424,0.737,0.02,1
37,0.699,9.098,209,0.727,0.012,1
28,0.641,11.288,98,0.885,0.039,1
10,0.891,18.225,176,0.579,0.053,0
38,0.845,15.119,371,0.603,0.02,0
50,0.868,12.209,462,0.823,0.047,0
32,0.74,3.91,510,0.817,0.033,0
25,0.811,21.264,116,0.872,0.016,1
44,0.728,18.26,410,0.99,0.018,1
46,0.693,25.19,144,0.836,0.032,1
16,0.98,11.399,167,0.91,0.027,0
16,0.795,6.937,385,0.674,0.016,0
4,0.841,19.673,432,0.935,0.012,1
57,0.88,13.522,305,0.741,0.022,1
39,0.796,17.766,94,0.831,0.034,1
7,0.809,22.924,380,0.804,0.032,0
40,0.65,16.518,255,0.975,0.026,1
47,0.672,15.37,420,0.624,0.034,0
43,0.666,15.696,424,0.478,0.044,0
64,0.853,5.986,296,0.788,0.037,0
56,0.789,20.262,161,0.89,0.031,1
62,0.672,20.595,97,0.843,0.043,1
63,0.85,17.259,306,0.99,0.02,1
49,0.845,6.62,502,0.886,0.029,0
16,0.697,13.87,122,0.735,0.03,1
58,0.777,21.98,322,0.471,0.017,0
41,0.846,11.558,80,0.784,0.027,1
27,0.677,20.658,141,0.974,0.007,1
22,0.848,14.787,269,0.761,0.055,0
4,0.816,18.205,365,0.824,0.021,0
41,0.66,12.357,229,0.883,0.051,0
8,0.806,14.939,354,0.668,0.032,0
19,0.824,16.771,448,0.913,0.039,0
61,0.705,8.867,175,0.99,0.026,1
27,0.714,15.924,476,0.794,0.034,0
59,0.659,1.0,451,0.651,0.04,0
30,0.726,11.372,380,0.81,0.04,0
4,0.779,17.328,416,0.486,0.041,0
37,0.715,20.325,208,0.871,0.028,1
39,0.602,16.958,219,0.888,0.026,1
7,0.697,7.27,241,0.99,0.013,1
3,0.73,19.871,409,0.791,0.038,0
42,0.878,8.576,199,0.881,0.045,0
14,0.851,17.694,481,0.691,0.051,0
58,0.88,8.75,378,0.767,0.036,0
38,0.691,10.479,81,0.591,0.023,1
47,0.797,9.527,414,0.791,0.012,1
25,0.489,15.223,506,0.774,0.045,0
49,0.831,13.483,218,0.865,0.01,1
33,0.853,17.146,335,0.726,0.028,0
13,0.738,14.403,329,0.833,0.029,1
12,0.815,6.607,423,0.77,0.031,0
5,0.598,15.934,395,0.77,0.032,0
56,0.684,5.337,469,0.832,0.034,0
16,0.872,9.904,79,0.826,0.005,1
18,0.841,12.608,75,0.934,0.032,1
12,0.731,12.247,138,0.802,0.005,1
31,0.877,5.933,275,0.768,0.041,0
12,0.797,21.63,242,0.793,0.025,0
14,0.719,23.07,192,0.713,0.006,1
32,0.758,26.204,346,0.766,0.022,1
43,0.725,20.468,258,0.99,0.025,1
3,0.638,12.444,331,0.683,0.046,0
7,0.931,12.354,93,0.778,0.034,0
22,0.712,12.067,72,0.762,0.036,1
10,0.68,24.825,372,0.783,0.046,0
45,0.596,13.899,508,0.77,0.031,0
14,0.464,21.1,373,0.862,0.041,1
3,0.864,20.695,228,0.563,0.04,0
59,0.875,15.486,256,0.976,0.017,1
56,0.923,6.951,489,0.915,0.05,0
22,0.762,14.012,368,0.634,0.015,0
30,0.741,15.264,323,0.48,0.043,0
59,0.719,21.145,255,0.673,0.014,1
45,0.73,14.601,142,0.784,0.039,0
39,0.914,8.215,242,0.99,0.054,0
49,0.777,19.637,154,0.901,0.029,1
39,0.825,13.317,507,0.549,0.029,0
14,0.727,1.265,278,0.717,0.039,0
39,0.939,16.19,142,0.812,0.028,1
51,0.551,17.104,478,0.858,0.054,0
51,0.634,10.117,166,0.623,0.034,0
58,0.826,13.501,174,0.8,0.028,1
46,0.99,17.92,377,0.712,0.026,0
58,0.753,16.225,310,0.654,0.021,0
30,0.679,6.374,297,0.859,0.024,1
49,0.9,21.018,145,0.936,0.028,1
17,0.819,23.373,195,0.946,0.026,1
8,0.935,11.847,298,0.906,0.024,1
46,0.625,4.569,341,0.745,0.057,0
61,0.925,18.51,450,0.927,0.02,1
63,0.594,11.0,398,0.866,0.034,0
22,0.745,17.284,162,0.84,0.039,0
52,0.83,25.951,494,0.728,0.04,0
16,0.802,6.459,101,0.745,0.031,0
4,0.907,10.358,224,0.831,0.029,1
11,0.561,13.489,495,0.99,0.037,1
39,0.797,21.217,512,0.865,0.035,0
22,0.924,32.989,180,0.728,0.029,1
28,0.787,15.785,304,0.695,0.013,1
31,0.643,6.012,89,0.746,0.026,1
3,0.901,12.703,199,0.99,0.018,1
57,0.702,10.471,113,0.76,0.024,1
37,0.681,18.252,357,0.956,0.032,1
8,0.666,16.46,457,0.764,0.036,0
39,0.756,9.083,361,0.859,0.053,0
55,0.802,10.166,356,0.939,0.026,0
61,0.628,12.628,217,0.734,0.041,0
7,0.652,13.255,283,0.724,0.036,0
35,0.697,14.281,203,0.99,0.048,0
51,0.665,14.754,112,0.968,0.039,1
53,0.784,20.921,205,0.939,0.02,1
16,0.823,12.44,109,0.938,0.011,1
14,0.807,11.673,226,0.889,0.036,0
44,0.807,7.538,348,0.99,0.026,1
22,0.981,13.336,331,0.827,0.02,1
55,0.831,15.832,179,0.907,0.017,1
52,0.874,5.535,145,0.602,0.034,0
26,0.73,12.719,107,0.696,0.05,0
61,0.893,20.534,257,0.64,0.027,1
45,0.725,17.871,321,0.99,0.039,1
64,0.829,16.442,506,0.437,0.031,0
36,0.615,17.73,336,0.76,0.017,1
27,0.8,11.517,457,0.371,0.041,0
52,0.663,10.824,337,0.695,0.019,1
31,0.892,21.114,341,0.746,0.032,0
59,0.885,18.809,146,0.99,0.028,1
41,0.724,10.619,121,0.879,0.043,1
33,0.99,4.731,116,0.695,0.019,0
58,0.746,10.727,64,0.98,0.037,1
49,0.587,17.326,279,0.823,0.022,1
45,0.687,11.077,380,0.826,0.026,0
52,0.655,16.216,291,0.64,0.005,1
25,0.826,21.883,317,0.671,0.057,0
46,0.632,14.016,222,0.696,0.039,0
40,0.715,15.717,350,0.827,0.023,1
22,0.818,18.062,129,0.832,0.019,1
25,0.797,8.873,466,0.99,0.026,0
64,0.778,10.48,372,0.878,0.041,0
47,0.795,18.276,158,0.414,0.009,0
54,0.736,14.692,316,0.859,0.03,0
18,0.588,15.133,213,0.602,0.053,0
52,0.732,14.673,86,0.675,0.018,1
44,0.836,19.587,307,0.698,0.033,0
62,0.764,16.766,278,0.72,0.058,0
57,0.827,16.834,462,0.614,0.04,0
10,0.71,20.855,473,0.851,0.034,0
52,0.899,22.854,194,0.608,0.038,0
23,0.473,26.167,406,0.874,0.027,1
3,0.797,11.489,211,0.99,0.048,0
57,0.942,27.341,444,0.621,0.027,1
10,0.96,8.797,172,0.777,0.008,1
31,0.752,24.563,103,0.441,0.027,0
34,0.621,11.203,184,0.775,0.02,1
40,0.944,14.142,358,0.916,0.029,0
7,0.774,14.597,183,0.928,0.029,1
49,0.761,9.992,81,0.832,0.046,0
24,0.673,14.951,232,0.953,0.04,1
49,0.63,10.26,261,0.99,0.035,1
36,0.848,8.078,474,0.99,0.032,0
3,0.86,14.299,206,0.742,0.019,1
57,0.804,22.767,100,0.602,0.006,1
57,0.688,13.179,249,0.759,0.033,1
28,0.652,19.393,324,0.678,0.042,0
45,0.608,10.103,294,0.888,0.031,1
12,0.713,7.826,317,0.643,0.026,0
32,0.659,16.86,392,0.809,0.038,0
52,0.575,23.629,454,0.946,0.031,1
20,0.858,15.587,360,0.805,0.052,0
19,0.622,18.799,73,0.678,0.047,1
28,0.898,22.275,509,0.99,0.044,1
10,0.827,14.31,473,0.538,0.041,0
49,0.815,13.709,387,0.771,0.017,1
42,0.98,16.955,293,0.814,0.04,0
51,0.626,17.88,87,0.822,0.037,1
14,0.885,7.225,141,0.847,0.039,0
29,0.744,16.038,488,0.912,0.038,1
10,0.99,14.496,256,0.815,0.037,0
27,0.734,10.395,464,0.765,0.064,0
48,0.715,14.137,172,0.759,0.031,1
6,0.831,8.44,343,0.728,0.043,0
35,0.755,6.643,474,0.938,0.026,0
3,0.689,14.848,326,0.723,0.041,0
21,0.664,19.191,392,0.947,0.043,0
33,0.955,12.694,426,0.823,0.036,0
18,0.64,9.504,418,0.742,0.052,0
16,0.807,10.312,441,0.913,0.021,1
55,0.907,17.355,331,0.711,0.026,1
50,0.913,23.17,404,0.916,0.035,1
7,0.708,18.506,322,0.852,0.043,1
43,0.755,21.264,398,0.731,0.034,0
28,0.732,9.052,148,0.899,0.047,0
64,0.596,14.116,73,0.902,0.024,1
30,0.845,19.797,352,0.99,0.018,1
4,0.785,7.224,365,0.965,0.036,0
52,0.953,11.076,122,0.894,0.031,0
8,0.681,19.398,371,0.651,0.039,0
11,0.911,15.844,325,0.99,0.032,1
35,0.919,9.481,449,0.609,0.028,0
43,0.786,6.02,348,0.962,0.031,0
27,0.519,21.454,182,0.885,0.032,1
50,0.718,3.822,231,0.644,0.028,0
15,0.99,17.788,416,0.801,0.03,0
11,0.816,11.728,252,0.808,0.027,1
55,0.863,19.945,314,0.99,0.042,1
15,0.769,9.081,387,0.713,0.034,0
33,0.753,28.097,476,0.781,0.059,0
43,0.556,16.592,292,0.47,0.034,1
13,0.875,17.449,253,0.99,0.025,1
6,0.91,10.48,379,0.659,0.064,0
36,0.666,13.806,187,0.869,0.037,0
63,0.759,13.941,147,0.805,0.044,1
40,0.742,23.84,360,0.805,0.039,1
48,0.83,16.583,278,0.941,0.039,1
6,0.715,17.328,300,0.99,0.038,1
40,0.892,17.27,176,0.858,0.019,1
21,0.789,17.769,280,0.918,0.036,1
8,0.474,7.275,384,0.869,0.016,1
36,0.833,25.156,309,0.973,0.03,1
20,0.9,9.937,511,0.751,0.023,0
15,0.642,14.3,398,0.981,0.036,1
43,0.829,22.464,382,0.987,0.036,1
25,0.99,24.56,495,0.982,0.038,0
21,0.793,18.691,467,0.721,0.035,0
47,0.917,11.876,437,0.795,0.025,0
13,0.727,15.164,100,0.856,0.029,1
3,0.778,15.368,127,0.614,0.043,0
26,0.755,15.552,282,0.99,0.045,0
64,0.734,8.104,405,0.818,0.018,1
56,0.762,21.053,452,0.863,0.014,1
9,0.584,15.2,97,0.733,0.023,1
27,0.74,10.744,102,0.621,0.045,0
23,0.941,11.908,130,0.729,0.047,0
17,0.664,15.903,272,0.853,0.021,1
3,0.652,7.205,381,0.921,0.036,0
14,0.787,19.068,407,0.844,0.054,0
60,0.793,15.721,215,0.872,0.037,1
9,0.825,22.642,450,0.769,0.049,0
17,0.766,14.903,428,0.894,0.044,0
23,0.789,8.857,262,0.99,0.021,1
21,0.738,8.271,152,0.926,0.03,0
62,0.627,12.468,311,0.941,0.032,1
31,0.771,13.018,386,0.864,0.033,0
27,0.867,11.55,142,0.595,0.043,0
35,0.842,15.168,497,0.663,0.037,0
51,0.571,11.418,348,0.888,0.005,1
34,0.81,15.822,393,0.818,0.016,1
51,0.673,11.793,95,0.886,0.006,1
37,0.947,17.785,150,0.99,0.034,1
46,0.819,12.887,102,0.929,0.035,1
40,0.888,20.98,456,0.99,0.035,1
28,0.783,17.892,164,0.834,0.02,1
13,0.772,15.507,307,0.699,0.04,0
37,0.96,13.42,295,0.811,0.041,0
10,0.897,6.601,461,0.699,0.017,0
48,0.794,21.85,131,0.99,0.014,1
16,0.756,10.96,255,0.939,0.032,1
12,0.575,14.972,467,0.898,0.054,0
4,0.819,16.288,91,0.99,0.052,0
48,0.765,13.546,333,0.517,0.039,0
11,0.846,21.544,491,0.908,0.023,1
5,0.883,8.149,289,0.623,0.043,0
23,0.928,23.516,140,0.819,0.027,1
28,0.82,17.992,286,0.773,0.023,1
10,0.654,13.219,435,0.919,0.006,1
50,0.522,13.277,230,0.854,0.033,1
4,0.681,2.973,347,0.99,0.024,1
8,0.94,10.089,255,0.73,0.033,0
30,0.99,12.66,152,0.926,0.005,1
55,0.751,15.416,95,0.844,0.034,1
31,0.605,21.05,200,0.575,0.005,1
28,0.702,25.095,219,0.682,0.045,1
27,0.917,15.916,313,0.798,0.038,0
14,0.709,15.569,158,0.987,0.029,1
7,0.851,11.95,80,0.89,0.039,0
36,0.8,5.581,180,0.645,0.02,0
50,0.865,11.35,396,0.799,0.033,0
39,0.99,13.431,374,0.99,0.042,0
17,0.851,19.572,73,0.837,0.005,1
46,0.798,17.201,143,0.771,0.027,1
38,0.99,15.652,197,0.894,0.032,1
17,0.822,11.48,495,0.935,0.03,1
45,0.685,4.193,266,0.752,0.049,0
50,0.862,4.507,179,0.895,0.019,1
25,0.834,5.849,283,0.771,0.025,0
8,0.743,12.982,316,0.928,0.009,0
48,0.718,19.669,232,0.845,0.05,0
52,0.744,19.529,398,0.892,0.029,1
46,0.716,18.627,379,0.706,0.027,0
61,0.748,11.822,268,0.697,0.031,0
45,0.679,20.45,361,0.962,0.04,1
47,0.826,9.658,435,0.808,0.036,0
23,0.817,18.938,311,0.863,0.064,0
25,0.821,5.792,428,0.774,0.037,0
45,0.773,8.379,134,0.955,0.026,1
57,0.759,23.094,219,0.729,0.025,1
18,0.953,13.44,165,0.8,0.027,0
49,0.788,10.959,76,0.938,0.014,1
55,0.932,20.234,334,0.99,0.032,1
62,0.66,20.83,355,0.741,0.041,1
17,0.851,12.247,283,0.99,0.025,1
27,0.692,15.948,78,0.867,0.022,1
38,0.713,15.212,301,0.664,0.05,0
13,0.731,1.0,180,0.875,0.015,1
53,0.723,7.242,394,0.763,0.007,1
17,0.724,19.4,119,0.885,0.018,1
6,0.926,10.17,414,0.814,0.014,0
23,0.785,17.255,195,0.831,0.037,0
15,0.807,15.868,289,0.683,0.028,1
24,0.725,20.82,371,0.969,0.029,1
21,0.883,7.408,457,0.647,0.046,0
36,0.823,16.55,285,0.654,0.024,1
16,0.743,14.16,236,0.875,0.041,1
63,0.59,10.393,403,0.99,0.05,0
6,0.806,10.357,348,0.767,0.027,0
50,0.849,15.683,372,0.925,0.041,0
55,0.663,17.774,220,0.981,0.029,1
54,0.745,14.831,214,0.942,0.043,1
48,0.844,14.993,248,0.773,0.013,1
29,0.591,11.908,241,0.656,0.012,1
31,0.702,12.253,84,0.489,0.027,0
49,0.825,10.379,175,0.781,0.021,1
30,0.913,11.803,234,0.99,0.026,1
37,0.99,17.592,201,0.651,0.029,1
10,0.99,18.173,296,0.925,0.041,0
18,0.797,7.865,395,0.677,0.027,0
44,0.722,9.839,93,0.836,0.022,1
38,0.891,10.806,444,0.926,0.028,1
32,0.715,14.167,370,0.721,0.023,0
20,0.689,5.748,224,0.846,0.021,1
4,0.743,9.93,465,0.758,0.013,0
51,0.728,7.295,141,0.926,0.033,1
15,0.83,16.583,341,0.855,0.025,1
6,0.708,14.346,383,0.828,0.044,0
28,0.79,12.095,84,0.99,0.015,1
27,0.971,8.971,448,0.919,0.025,1
32,0.795,12.175,426,0.716,0.054,0
13,0.962,11.564,435,0.807,0.021,0
9,0.924,23.0,443,0.809,0.029,0
33,0.851,19.685,206,0.832,0.017,1
46,0.738,10.908,99,0.99,0.016,1
12,0.905,15.359,366,0.876,0.051,0
41,0.75,19.41,501,0.515,0.034,0
15,0.78,10.907,277,0.739,0.034,0
33,0.82,7.131,95,0.53,0.012,0
9,0.779,5.156,249,0.771,0.036,0
58,0.694,21.116,237,0.522,0.046,0
51,0.597,13.506,117,0.689,0.046,0
44,0.895,16.015,224,0.592,0.04,0
63,0.848,11.514,313,0.878,0.018,1
44,0.574,7.907,314,0.82,0.036,0
58,0.69,8.877,486,0.865,0.04,0
38,0.801,7.527,342,0.804,0.01,1
22,0.833,18.92,234,0.611,0.019,0
6,0.598,22.261,246,0.897,0.043,1
56,0.769,14.694,65,0.99,0.043,1
9,0.845,6.607,257,0.881,0.013,0
56,0.738,17.082,229,0.756,0.042,0
3,0.811,21.078,310,0.606,0.033,0
46,0.721,19.553,476,0.684,0.041,0
58,0.889,14.349,307,0.888,0.024,1
47,0.684,13.281,173,0.981,0.04,1
44,0.643,14.307,443,0.859,0.042,0
49,0.783,20.871,386,0.94,0.028,1
61,0.608,18.454,134,0.926,0.032,1
15,0.527,12.494,227,0.896,0.024,1
57,0.91,12.363,348,0.721,0.052,0
24,0.662,11.995,438,0.846,0.031,0
56,0.62,8.964,484,0.693,0.021,0
23,0.683,21.53,176,0.823,0.023,1
24,0.677,10.403,291,0.87,0.034,1
30,0.763,17.049,364,0.99,0.041,1
11,0.649,11.061,79,0.624,0.016,1
28,0.84,12.018,94,0.892,0.054,0
11,0.858,13.908,225,0.99,0.036,1
17,0.627,17.335,369,0.934,0.038,1
12,0.706,13.152,256,0.945,0.031,1
26,0.717,8.576,273,0.908,0.032,1
60,0.76,14.599,441,0.99,0.03,1
59,0.91,10.513,509,0.657,0.044,0
63,0.917,22.528,295,0.612,0.032,0
44,0.99,13.148,490,0.819,0.041,0
10,0.508,11.027,247,0.496,0.027,0
26,0.669,24.769,78,0.99,0.034,1
18,0.99,18.342,495,0.99,0.022,1
51,0.564,9.837,368,0.755,0.047,0
28,0.99,10.387,272,0.764,0.022,0
29,0.798,16.966,235,0.809,0.028,1
39,0.802,14.726,329,0.828,0.028,0
6,0.626,19.129,83,0.839,0.028,1
52,0.726,11.054,133,0.904,0.041,1
26,0.99,18.146,71,0.794,0.028,1
21,0.774,2.861,492,0.961,0.049,0
38,0.727,13.697,97,0.887,0.022,1
62,0.829,11.291,287,0.729,0.034,1
41,0.757,12.134,242,0.99,0.023,1
12,0.821,13.965,309,0.616,0.037,0
27,0.678,20.42,323,0.806,0.032,1
20,0.771,8.499,171,0.965,0.03,1
21,0.703,3.122,305,0.712,0.046,0
38,0.564,9.102,486,0.866,0.024,1
12,0.838,19.817,87,0.902,0.039,1
35,0.632,5.946,279,0.691,0.023,0
57,0.76,11.526,118,0.809,0.033,1
52,0.891,18.866,89,0.797,0.018,1
7,0.6,14.196,344,0.737,0.024,1
49,0.853,20.369,355,0.99,0.031,1
51,0.744,3.919,390,0.706,0.054,0
37,0.664,12.828,249,0.971,0.033,1
46,0.99,21.453,75,0.761,0.052,0
36,0.78,8.64,192,0.657,0.035,0
35,0.712,19.881,435,0.835,0.027,1
57,0.686,13.274,497,0.917,0.05,0
23,0.886,16.757,472,0.958,0.037,0
19,0.707,21.076,271,0.99,0.024,1
24,0.871,16.735,196,0.99,0.038,1
50,0.78,11.426,402,0.858,0.028,0
39,0.914,17.423,259,0.721,0.008,1
17,0.655,11.059,325,0.888,0.043,1
37,0.672,15.922,345,0.78,0.045,0
30,0.746,7.99,432,0.959,0.054,0
9,0.756,14.651,166,0.625,0.037,0
34,0.737,20.684,183,0.99,0.029,1
13,0.99,12.946,246,0.948,0.042,0
12,0.99,20.187,486,0.567,0.042,0
11,0.816,30.586,72,0.714,0.052,1
16,0.83,14.349,108,0.942,0.031,1
15,0.752,17.694,307,0.99,0.03,1
63,0.654,16.98,333,0.629,0.023,1
59,0.758,15.671,175,0.927,0.038,1
64,0.873,18.597,118,0.528,0.013,1
27,0.937,13.21,456,0.807,0.041,0
4,0.899,11.055,78,0.987,0.039,1
37,0.599,6.563,100,0.737,0.039,1
9,0.745,12.718,241,0.594,0.034,0
23,0.604,19.187,190,0.842,0.05,0
20,0.92,9.613,180,0.729,0.042,0
5,0.731,15.783,403,0.914,0.025,1
44,0.774,13.86,135,0.687,0.025,0
56,0.838,11.272,415,0.704,0.021,0
63,0.99,4.864,174,0.517,0.039,0
41,0.812,21.587,212,0.845,0.02,1
43,0.751,17.189,248,0.796,0.045,0
51,0.631,28.359,168,0.642,0.048,1
13,0.955,20.113,210,0.849,0.021,1
41,0.758,21.471,284,0.974,0.03,1
26,0.979,5.403,377,0.788,0.032,0
62,0.913,5.312,414,0.86,0.043,0
48,0.724,14.72,437,0.861,0.051,0
21,0.613,8.53,69,0.639,0.012,1
6,0.813,10.957,323,0.99,0.028,1
28,0.706,27.637,362,0.749,0.029,1
40,0.785,20.687,412,0.918,0.015,1
44,0.906,9.635,105,0.935,0.026,1
34,0.582,2.196,322,0.799,0.037,0
41,0.812,9.196,448,0.911,0.029,1
47,0.871,11.603,502,0.857,0.013,1
48,0.877,12.829,334,0.607,0.066,0
38,0.616,7.849,110,0.77,0.035,1
42,0.83,20.375,148,0.728,0.033,1
39,0.924,10.8,237,0.751,0.019,0
35,0.821,17.873,121,0.624,0.035,0
38,0.766,14.78,262,0.989,0.03,1
5,0.917,19.38,272,0.99,0.009,1
11,0.697,13.263,311,0.967,0.019,1
10,0.596,9.69,274,0.99,0.042,1
35,0.756,11.387,102,0.768,0.055,0
61,0.844,11.461,315,0.725,0.036,0
8,0.905,25.236,194,0.703,0.045,0
43,0.844,14.898,477,0.917,0.03,0
41,0.88,14.524,354,0.854,0.031,1
6,0.905,19.087,313,0.808,0.045,0
15,0.739,14.5,504,0.99,0.052,0
51,0.762,20.333,476,0.881,0.048,0
62,0.934,12.565,497,0.694,0.019,0
4,0.635,12.037,509,0.718,0.031,0
62,0.831,9.403,115,0.922,0.035,1
7,0.694,24.12,437,0.976,0.029,1
46,0.912,14.137,77,0.903,0.037,0
29,0.778,8.395,482,0.99,0.042,0
34,0.781,15.524,219,0.99,0.044,1
23,0.987,11.12,505,0.886,0.052,0
10,0.651,12.474,93,0.694,0.028,0
40,0.806,16.116,153,0.624,0.016,1
10,0.758,22.409,454,0.762,0.036,0
52,0.844,15.028,230,0.933,0.055,1
5,0.99,10.803,414,0.99,0.026,0
56,0.707,11.874,132,0.883,0.04,1
46,0.636,17.914,226,0.99,0.04,1
63,0.683,4.317,305,0.783,0.034,0
60,0.752,9.078,446,0.913,0.032,0
5,0.788,15.606,115,0.944,0.021,1
24,0.794,5.625,205,0.523,0.005,1
8,0.99,12.875,126,0.758,0.019,1
4,0.975,12.013,355,0.962,0.027,1
25,0.936,19.063,154,0.861,0.045,0
46,0.99,13.199,215,0.641,0.031,0
4,0.879,20.671,487,0.455,0.026,0
40,0.913,14.91,220,0.765,0.021,1
19,0.877,23.738,372,0.809,0.04,0
37,0.857,7.285,428,0.687,0.048,0
36,0.827,22.909,213,0.841,0.045,0
25,0.732,12.362,391,0.896,0.039,0
32,0.63,22.165,334,0.921,0.014,1
54,0.764,20.663,432,0.467,0.028,0
10,0.848,1.0,132,0.623,0.055,0
24,0.789,16.992,179,0.774,0.045,0
46,0.652,19.688,255,0.906,0.014,1
60,0.76,21.409,67,0.893,0.031,1
38,0.754,8.381,138,0.891,0.036,1
7,0.773,17.57,465,0.762,0.023,0
15,0.839,15.514,361,0.771,0.005,1
31,0.865,16.743,304,0.711,0.033,0
33,0.72,19.694,93,0.935,0.023,1
49,0.898,20.515,206,0.682,0.023,1
59,0.916,11.09,389,0.948,0.028,0
57,0.818,15.88,246,0.851,0.03,1
18,0.86,14.714,500,0.813,0.032,0
44,0.898,13.255,79,0.721,0.021,1
64,0.648,13.752,174,0.617,0.029,1
32,0.907,15.519,423,0.723,0.011,1
59,0.685,11.37,264,0.77,0.036,0
57,0.697,19.092,170,0.465,0.005,1
18,0.804,21.1,442,0.79,0.029,0
14,0.523,10.233,225,0.959,0.043,1
19,0.801,21.355,346,0.905,0.019,1
18,0.898,10.243,332,0.746,0.041,0
14,0.582,19.168,218,0.827,0.046,0
10,0.911,21.346,136,0.737,0.005,1
22,0.696,14.009,260,0.842,0.03,0
5,0.805,10.285,306,0.99,0.005,1
18,0.714,11.439,149,0.965,0.031,1
32,0.849,16.382,350,0.898,0.032,1
47,0.903,24.716,322,0.746,0.005,1
25,0.858,5.698,349,0.932,0.055,0
30,0.78,15.021,212,0.567,0.035,0
53,0.723,14.042,418,0.782,0.022,1
42,0.772,12.126,453,0.908,0.05,0
56,0.859,14.08,479,0.931,0.01,1
7,0.863,11.681,489,0.92,0.017,0
22,0.846,20.964,253,0.864,0.005,1
42,0.626,21.481,280,0.791,0.054,1
58,0.777,14.958,479,0.901,0.036,1
46,0.704,13.766,418,0.677,0.04,0
3,0.86,11.936,149,0.693,0.036,0
59,0.688,14.969,279,0.829,0.039,1
32,0.834,24.109,486,0.846,0.033,0
23,0.746,13.961,383,0.546,0.035,0
22,0.555,10.135,181,0.888,0.033,1
8,0.892,12.432,477,0.936,0.025,0
24,0.777,18.418,510,0.808,0.031,0
20,0.933,10.768,433,0.99,0.035,0
10,0.58,14.325,478,0.718,0.033,0
41,0.745,16.959,150,0.766,0.014,1
34,0.754,11.162,103,0.761,0.016,1
35,0.812,5.325,224,0.809,0.045,0
55,0.621,8.929,254,0.771,0.028,1
18,0.845,10.034,88,0.609,0.039,0
